SITE,Bird_ID,DATE,Time_ID,T_intervals,T_minutes,X_Estimate,Y_Estimate
TBS,1,4-Dec-02,5,,0,371957.416,68746.3281
TBS,1,4-Dec-02,7,2,30,373257.0816,68308.8543
TBS,1,20-Dec-02,8,,0,371892.1013,70040.6707
TBS,1,20-Dec-02,10,2,30,371597.9724,69275.3761
TBS,1,29-Dec-02,2,,0,371490.3057,69394.9521
TBS,1,29-Dec-02,6,4,60,371386.0588,69512.8758
TBS,1,14-Jan-03,4,,0,371499.3608,69323.9927
TBS,1,16-Jan-03,1,,0,371296.567,70028.5723
TBS,1,16-Jan-03,3,2,30,371582.6421,69254.2757
TBS,1,20-Jan-03,8,,0,372135.7016,69832.8644
TBS,1,20-Jan-03,9,1,15,371915.5797,69820.023
TBS,1,22-Jan-03,2,,0,372612.2267,69699.8637
TBS,1,22-Jan-03,5,3,45,371926.5045,69901.2491
TBS,1,22-Jan-03,8,3,45,371564.8893,69547.832
TBS,1,22-Jan-03,9,1,15,371412.8897,69466.205
TBS,1,22-Jan-03,11,2,30,371653.8007,69163.1968
TBS,1,25-Jan-03,1,,0,371426.6025,69466.2578
TBS,1,25-Jan-03,2,1,15,371716.3221,69246.5679
TBS,1,25-Jan-03,3,1,15,371574.5075,69373.7141
TBS,1,25-Jan-03,7,4,60,371670.1733,69491.8515
TBS,1,25-Jan-03,8,1,15,373532.1249,67557.6933
TBS,1,25-Jan-03,10,2,30,375150.8311,69332.7134
TBS,1,25-Jan-03,12,2,30,371485.6246,69389.7532
TBS,1,25-Jan-03,13,1,15,371436.9289,69415.3251
TBS,1,28-Jan-03,1,,0,371558.3304,69311.4181
TBS,1,28-Jan-03,2,1,15,371551.5794,69302.7772
TBS,1,28-Jan-03,3,1,15,371915.5797,69820.023
TBS,1,28-Jan-03,4,1,15,371775.2232,70026.5123
TBS,1,28-Jan-03,5,1,15,371544.7187,69293.9959
TBS,1,28-Jan-03,6,1,15,371548.1639,69298.4057
TBS,1,28-Jan-03,7,1,15,371868.1019,70120.4185
TBS,1,30-Jan-03,1,,0,372497.82,70513.91
TBS,1,30-Jan-03,7,6,90,371580.9698,69388.2284
TBS,1,30-Jan-03,8,1,15,371376.5767,69813.2794
TBS,1,30-Jan-03,9,1,15,371860.7479,69637.0555
TBS,1,3-Feb-03,1,,0,371490.3057,69394.9521
TBS,1,3-Feb-03,2,1,15,371895.3995,69470.487
TBS,1,3-Feb-03,4,2,30,371440.6448,69419.1731
TBS,1,18-Feb-03,1,,0,372002.0701,69074.1479
TBS,1,18-Feb-03,5,4,60,371568.2917,69324.1681
TBS,1,18-Feb-03,6,1,15,371484.9275,69427.7158
TBS,1,18-Feb-03,7,1,15,371492.8658,69411.7295
TBS,1,20-Feb-03,4,,0,372372.6339,70435.6851
TBS,1,24-Feb-03,2,,0,372651.4019,70375.6243
TBS,1,24-Feb-03,4,2,30,372632.8711,70297.7831
TBS,1,24-Feb-03,6,2,30,372302.9452,70159.0064
TBS,1,24-Feb-03,7,1,15,372346.3269,70003.2669
TBS,1,24-Feb-03,9,2,30,370900.4523,68538.4397
TBS,1,24-Feb-03,10,1,15,372360.2986,70337.8906
TBS,1,24-Feb-03,11,1,15,372374.9269,70341.2457
TBS,1,6-Mar-03,2,,0,372172.8354,70097.9487
TBS,1,7-Mar-03,2,,0,372869.5809,69814.7294
TBS,1,7-Mar-03,4,2,30,372419.344,69616.925
TBS,1,7-Mar-03,5,1,15,372332.4777,70294.4933
TBS,1,7-Mar-03,6,1,15,372287.6429,70414.1398
TBS,1,7-Mar-03,7,1,15,372333.6619,70223.3445
TBS,1,7-Mar-03,8,1,15,372434.0817,70078.4468
TBS,1,7-Mar-03,11,3,45,372760.0039,70409.1066
TBS,1,14-Mar-03,1,,0,372634.5998,70267.1527
TBS,3,4-Dec-02,5,,0,371458.5956,69437.7617
TBS,3,20-Dec-02,4,,0,371976.2951,69024.3505
TBS,3,20-Dec-02,8,4,60,371331.9547,69919.872
TBS,3,20-Dec-02,9,1,15,371744.544,69097.2038
TBS,3,29-Dec-02,2,,0,371418.808,69471.9202
TBS,3,29-Dec-02,4,2,30,372410.3368,68548.1434
TBS,3,29-Dec-02,5,1,15,372535.5564,69793.8568
TBS,3,29-Dec-02,7,2,30,373722.8812,69153.3417
TBS,3,14-Jan-03,1,,0,372567.1904,68527.4025
TBS,3,14-Jan-03,2,1,15,374191.7458,67328.0988
TBS,3,14-Jan-03,4,2,30,371710.5597,69150.3352
TBS,3,16-Jan-03,3,,0,371447.9223,69426.7091
TBS,3,16-Jan-03,4,1,15,371380.6976,69508.0485
TBS,3,16-Jan-03,5,1,15,372104.7428,69931.1492
TBS,3,16-Jan-03,6,1,15,371074.5702,70051.4681
TBS,3,20-Jan-03,2,,0,371594.1885,69270.168
TBS,3,20-Jan-03,3,1,15,373769.2792,67658.166
TBS,3,20-Jan-03,5,2,30,371578.1074,69336.7316
TBS,3,20-Jan-03,7,2,30,371896.0503,69796.7488
TBS,3,20-Jan-03,8,1,15,371922.0051,69874.4028
TBS,3,20-Jan-03,9,1,15,371524.1197,69951.7438
TBS,3,20-Jan-03,11,2,30,371562.3279,69399.0339
TBS,3,22-Jan-03,2,,0,371548.3182,69382.3378
TBS,3,22-Jan-03,4,2,30,371628.5819,69513.966
TBS,3,22-Jan-03,6,2,30,371004.6657,70085.7549
TBS,3,22-Jan-03,7,1,15,371466.0735,69402.1774
TBS,3,22-Jan-03,8,1,15,372000.8036,69829.8257
TBS,3,22-Jan-03,9,1,15,371433.4982,69455.2073
TBS,3,22-Jan-03,10,1,15,371460.3606,69439.5894
TBS,3,25-Jan-03,1,,0,371568.2917,69324.1681
TBS,3,25-Jan-03,3,2,30,371435.6381,69374.8594
TBS,3,25-Jan-03,4,1,15,370640.13,70119.0458
TBS,3,25-Jan-03,7,3,45,371500.1774,69366.2534
TBS,3,25-Jan-03,9,2,30,372581.9524,70479.9183
TBS,3,25-Jan-03,11,2,30,374278.6579,67671.2622
TBS,3,25-Jan-03,12,1,15,371997.0955,69771.5554
TBS,3,25-Jan-03,13,1,15,372034.4343,69999.2681
TBS,3,28-Jan-03,1,,0,371511.3487,69338.2793
TBS,3,28-Jan-03,2,1,15,371502.401,69327.6158
TBS,3,28-Jan-03,3,1,15,371548.1639,69298.4057
TBS,3,28-Jan-03,4,1,15,371551.5794,69302.7772
TBS,3,28-Jan-03,5,1,15,372925.2309,68440.7032
TBS,3,28-Jan-03,7,2,30,371478.5125,69381.8544
TBS,3,30-Jan-03,1,,0,371528.6564,69358.9058
TBS,3,30-Jan-03,2,1,15,372497.82,70513.91
TBS,3,30-Jan-03,3,1,15,373375.0865,67966.143
TBS,3,30-Jan-03,4,1,15,371448.8034,69908.26
TBS,3,30-Jan-03,5,1,15,371607.5402,69525.1541
TBS,3,30-Jan-03,7,2,30,372083.405,70053.6555
TBS,3,30-Jan-03,8,1,15,371118.3738,69717.4864
TBS,3,30-Jan-03,9,1,15,372278.5402,68948.0658
TBS,3,3-Feb-03,1,,0,371517.1916,69345.2426
TBS,3,3-Feb-03,2,1,15,370848.2189,69977.9221
TBS,3,3-Feb-03,4,2,30,371665.8645,69522.4241
TBS,3,3-Feb-03,5,1,15,371641.0121,69562.3284
TBS,3,3-Feb-03,6,1,15,371682.4071,69542.1387
TBS,3,18-Feb-03,1,,0,372225.7655,68578.1413
TBS,3,18-Feb-03,2,1,15,372049.876,68717.3046
TBS,3,18-Feb-03,5,3,45,371416.5176,69505.5792
TBS,3,20-Feb-03,1,,0,372292.7195,70209.836
TBS,3,20-Feb-03,3,2,30,372050.664,70568.8138
TBS,3,20-Feb-03,4,1,15,372305.8116,70346.9997
TBS,3,20-Feb-03,5,1,15,372384.1157,70395.6482
TBS,3,24-Feb-03,2,,0,372640.1245,70267.4314
TBS,3,24-Feb-03,3,1,15,372652.5604,70102.0094
TBS,3,24-Feb-03,4,1,15,372482.3128,70069.8425
TBS,3,24-Feb-03,5,1,15,372516.4117,70189.9405
TBS,3,24-Feb-03,6,1,15,372292.0332,70326.3696
TBS,3,24-Feb-03,7,1,15,372316.2955,70312.3066
TBS,3,24-Feb-03,8,1,15,372289.2028,70325.587
TBS,3,24-Feb-03,9,1,15,372192.1003,69817.635
TBS,3,24-Feb-03,10,1,15,372406.3022,70375.0976
TBS,3,24-Feb-03,11,1,15,372369.9239,70381.4698
TBS,3,6-Mar-03,3,,0,372306.9474,70269.6042
TBS,3,6-Mar-03,4,1,15,372286.2916,70360.2256
TBS,3,6-Mar-03,5,1,15,372335.9588,70306.7371
TBS,3,6-Mar-03,6,1,15,372353.391,70242.2785
TBS,3,6-Mar-03,7,1,15,372361.4492,70339.3633
TBS,3,6-Mar-03,8,1,15,372365.47,69884.2238
TBS,3,7-Mar-03,1,,0,372583.7544,70389.9234
TBS,3,7-Mar-03,2,1,15,373092.387,69347.0065
TBS,3,7-Mar-03,3,1,15,372414.5549,69921.4478
TBS,3,7-Mar-03,5,2,30,372182.699,69325.4235
TBS,3,7-Mar-03,6,1,15,372412.9968,70151.9554
TBS,3,7-Mar-03,7,1,15,372434.0862,70168.4323
TBS,3,7-Mar-03,8,1,15,372521.3234,70127.1272
TBS,3,7-Mar-03,9,1,15,372541.9978,69836.0632
TBS,3,7-Mar-03,11,2,30,372729.3701,70425.89
TBS,3,14-Mar-03,1,,0,372542.1429,70430.5508
TBS,3,14-Mar-03,2,1,15,372680.7164,70371.0157
TBS,3,14-Mar-03,3,1,15,372733.9265,70459.4005
TBS,3,14-Mar-03,5,2,30,371940.2982,70265.6853
TBS,3,14-Mar-03,6,1,15,372350.6122,69923.4918
TBS,5,29-Dec-02,5,,0,372113.8774,68538.6967
TBS,5,29-Dec-02,6,1,15,372033.9647,69941.0964
TBS,5,29-Dec-02,7,1,15,371878.2576,69801.185
TBS,5,16-Jan-03,4,,0,372726.009,69718.1202
TBS,5,16-Jan-03,5,1,15,372637.6079,69856.2599
TBS,5,20-Jan-03,7,,0,371429.3851,69482.1344
TBS,5,22-Jan-03,1,,0,371956.4199,69113.3404
TBS,5,22-Jan-03,2,1,15,372337.0064,70308.078
TBS,5,22-Jan-03,4,2,30,371511.9184,69252.0135
TBS,5,22-Jan-03,5,1,15,372013.8507,68980.981
TBS,5,22-Jan-03,6,1,15,372049.876,68717.3046
TBS,5,22-Jan-03,7,1,15,371438.7944,69417.2569
TBS,5,22-Jan-03,8,1,15,371841.6943,69810.3013
TBS,5,22-Jan-03,9,1,15,371607.5402,69525.1541
TBS,5,22-Jan-03,10,1,15,371726.3953,69201.3631
TBS,5,22-Jan-03,11,1,15,373012.6282,68163.1041
TBS,5,25-Jan-03,1,,0,371748.2965,69155.46
TBS,5,25-Jan-03,2,1,15,371875.8718,68479.6092
TBS,5,25-Jan-03,3,1,15,372380.6947,70451.6333
TBS,5,25-Jan-03,7,4,60,372891.2358,67714.611
TBS,5,25-Jan-03,10,3,45,372862.8423,70258.3186
TBS,5,25-Jan-03,11,1,15,371865.3973,69576.3048
TBS,5,25-Jan-03,12,1,15,372393.4151,70241.9259
TBS,5,25-Jan-03,13,1,15,371511.3487,69338.2793
TBS,5,28-Jan-03,1,,0,371522.9557,69352.112
TBS,5,28-Jan-03,4,3,45,371514.281,69341.7739
TBS,5,28-Jan-03,5,1,15,374161.6328,69908.3317
TBS,5,28-Jan-03,6,1,15,371517.1916,69345.2426
TBS,5,28-Jan-03,7,1,15,372091.0857,69993.3138
TBS,5,30-Jan-03,1,,0,371519.563,71860.3652
TBS,5,30-Jan-03,3,2,30,372497.82,70513.91
TBS,5,30-Jan-03,4,1,15,371565.0487,69362.0333
TBS,5,30-Jan-03,7,3,45,370722.2781,70038.155
TBS,5,30-Jan-03,9,2,30,371126.9432,69874.6596
TBS,5,3-Feb-03,4,,0,371144.9528,69882.5846
TBS,5,3-Feb-03,5,1,15,371895.3995,69470.487
TBS,5,3-Feb-03,6,1,15,371823.374,69650.6585
TBS,5,18-Feb-03,1,,0,372833.0107,67784.001
TBS,5,18-Feb-03,5,4,60,372042.4213,68925.7461
TBS,5,18-Feb-03,6,1,15,371511.9102,69371.0141
TBS,5,18-Feb-03,7,1,15,371571.7891,69287.0663
TBS,5,20-Feb-03,1,,0,372309.9514,70224.6178
TBS,5,20-Feb-03,4,3,45,371085.9568,68706.8075
TBS,5,24-Feb-03,1,,0,372593.5654,70436.431
TBS,5,24-Feb-03,2,1,15,372517.5729,70445.0235
TBS,5,24-Feb-03,3,1,15,372482.7426,70298.2927
TBS,5,24-Feb-03,4,1,15,372475.4146,70177.543
TBS,5,24-Feb-03,5,1,15,372600.1019,70044.9769
TBS,5,24-Feb-03,6,1,15,372289.1694,70383.5307
TBS,5,24-Feb-03,7,1,15,372304.0387,70212.1843
TBS,5,24-Feb-03,8,1,15,372310.5846,70290.7715
TBS,5,24-Feb-03,10,2,30,372573.8113,69973.2041
TBS,5,24-Feb-03,11,1,15,372447.4226,70155.3141
TBS,7,28-Jan-03,4,,0,372616.0378,71355.0736
TBS,7,30-Jan-03,2,,0,372497.82,70513.91
TBS,7,30-Jan-03,3,1,15,373134.795,72474.3173
TBS,7,30-Jan-03,6,3,45,372554.9222,68878.717
TBS,7,30-Jan-03,9,3,45,372037.2595,71458.1989
TBS,7,3-Feb-03,4,,0,371168.8667,70090.2429
TBS,7,3-Feb-03,6,2,30,371374.0266,70016.3039
TBS,7,18-Feb-03,7,,0,372614.2245,70647.8181
TBS,7,20-Feb-03,7,,0,372593.3922,70661.0783
TBS,7,24-Feb-03,1,,0,373334.0476,71684.9255
TBS,7,24-Feb-03,2,1,15,372901.2549,71078.511
TBS,7,24-Feb-03,3,1,15,372686.8378,70709.5404
TBS,7,24-Feb-03,4,1,15,372844.7824,70848.9677
TBS,7,24-Feb-03,5,1,15,372831.3603,70960.9904
TBS,7,24-Feb-03,6,1,15,372696.8029,70984.179
TBS,7,24-Feb-03,7,1,15,372709.1274,71108.6851
TBS,7,24-Feb-03,8,1,15,372802.2889,70546.6107
TBS,7,24-Feb-03,9,1,15,372759.4817,71053.104
TBS,7,24-Feb-03,10,1,15,372824.4949,71242.7407
TBS,7,24-Feb-03,11,1,15,372489.4895,70676.6457
TBS,7,6-Mar-03,1,,0,372949.9161,72510.7289
TBS,7,6-Mar-03,2,1,15,372518.8827,70613.0022
TBS,7,6-Mar-03,3,1,15,372849.2603,70890.8013
TBS,7,6-Mar-03,4,1,15,372808.091,71595.9536
TBS,7,6-Mar-03,5,1,15,372597.5413,70725.7625
TBS,7,6-Mar-03,6,1,15,372575.0362,70599.6673
TBS,7,6-Mar-03,7,1,15,372640.8498,70642.9205
TBS,7,6-Mar-03,8,1,15,372781.3937,70520.4502
TBS,7,7-Mar-03,1,,0,372659.6173,70774.6172
TBS,7,7-Mar-03,2,1,15,373008.1306,70989.7823
TBS,7,7-Mar-03,3,1,15,372740.1887,70748.6363
TBS,7,7-Mar-03,4,1,15,372889.4431,71855.0388
TBS,7,7-Mar-03,5,1,15,372496.601,71048.9315
TBS,7,7-Mar-03,8,3,45,372535.1706,70725.7355
TBS,7,7-Mar-03,11,3,45,372483.0637,70607.0775
TBS,7,14-Mar-03,1,,0,372712.9345,70832.8304
TBS,7,14-Mar-03,2,1,15,372649.4771,70715.1657
TBS,7,14-Mar-03,3,1,15,372728.2071,70947.2052
TBS,7,14-Mar-03,5,2,30,372721.6398,70800.3863
TBS,7,14-Mar-03,6,1,15,372669.4995,70685.5895
TBS,7,16-Mar-03,3,,0,372484.4672,71278.8894
TBS,7,18-May-03,1,,0,372663.3127,70945.0333
TBS,7,18-May-03,2,1,15,372651.0005,70893.0451
TBS,7,18-May-03,4,2,30,372870.2082,70774.659
TBS,7,18-May-03,5,1,15,372892.5182,71037.6922
TBS,7,18-May-03,6,1,15,372898.1209,70621.1703
TBS,7,18-May-03,7,1,15,372695.0747,70605.8914
TBS,7,27-May-03,2,,0,372961.0068,70457.0378
TBS,7,27-May-03,4,2,30,372968.5093,70675.9813
TBS,7,27-May-03,5,1,15,372960.2663,70710.2068
TBS,7,27-May-03,6,1,15,372712.7221,70799.0947
TBS,7,27-May-03,7,1,15,372756.6517,70648.0606
TBS,7,27-May-03,8,1,15,372925.995,71042.6621
TBS,7,27-May-03,9,1,15,372811.1865,70887.3657
TBS,7,27-May-03,10,1,15,372784.3398,70789.6095
TBS,7,27-May-03,11,1,15,372737.7437,70740.5348
TBS,7,29-May-03,3,,0,372786.3671,70491.6999
TBS,7,29-May-03,4,1,15,372732.979,70893.0503
TBS,7,29-May-03,5,1,15,372764.573,70481.0144
TBS,7,29-May-03,7,2,30,372574.1496,70690.9467
TBS,7,29-May-03,8,1,15,372609.2552,71573.4902
TBS,7,29-May-03,9,1,15,372691.4736,70805.1815
TBS,7,2-Jun-03,1,,0,372538.3975,70844.3875
TBS,7,2-Jun-03,2,1,15,372506.9355,70588.1495
TBS,7,2-Jun-03,3,1,15,372617.4091,71129.1427
TBS,7,2-Jun-03,6,3,45,373055.4008,72133.2422
TBS,7,2-Jun-03,7,1,15,372862.9318,71055.2105
TBS,7,2-Jun-03,8,1,15,372761.5954,71201.0684
TBS,7,2-Jun-03,9,1,15,372652.2792,70989.2865
TBS,7,2-Jun-03,10,1,15,372520.5651,70947.9119
TBS,7,2-Jun-03,11,1,15,372607.2781,70784.8284
TBS,7,2-Jun-03,12,1,15,372497.82,71456.9179
TBS,7,2-Jun-03,13,1,15,372686.0506,71170.348
TBS,7,6-Jun-03,1,,0,372655.1797,70809.8606
TBS,7,6-Jun-03,2,1,15,372504.0317,70691.7899
TBS,7,6-Jun-03,3,1,15,372588.7658,70763.7814
TBS,7,6-Jun-03,6,3,45,372458.4689,70684.3584
TBS,7,6-Jun-03,7,1,15,372561.6975,70575.5958
TBS,7,12-Jun-03,1,,0,372604.1207,70698.0282
TBS,7,12-Jun-03,2,1,15,372613.3083,70713.9416
TBS,7,12-Jun-03,3,1,15,372600.5444,70684.8722
TBS,7,12-Jun-03,4,1,15,372607.7325,70712.1975
TBS,7,12-Jun-03,5,1,15,372616.4783,70719.4321
TBS,7,12-Jun-03,6,1,15,372607.1327,70703.2452
TBS,10,5-Apr-04,1,,0,372580.8365,70489.02
TBS,10,9-Apr-04,1,0,0,372630.5539,70671.2217
TBS,10,11-Apr-04,1,0,0,372903.5888,69999.7537
TBS,10,20-Apr-04,1,0,0,372611.8053,71038.6682
TBS,10,23-Apr-04,1,0,0,372956.8258,70113.6006
TBS,10,26-Apr-04,1,0,0,372406.2882,69922.2491
TBS,10,28-Apr-04,1,0,0,372440.7964,70687.6876
TBS,13,18-Apr-03,2,,0,372036.21,71110.59
TBS,13,18-Apr-03,4,2,30,372496.3281,70428.4369
TBS,13,18-Apr-03,6,2,30,372457.2192,70351.0692
TBS,13,20-Apr-03,1,,0,372455.6976,70670.312
TBS,13,20-Apr-03,2,1,15,372613.3188,70645.2967
TBS,13,20-Apr-03,3,1,15,372553.9914,70767.07
TBS,13,20-Apr-03,4,1,15,372588,70527.5445
TBS,13,20-Apr-03,5,1,15,372487.1968,70600.4702
TBS,13,20-Apr-03,6,1,15,372492.6551,70773.3824
TBS,13,20-Apr-03,7,1,15,372432.8809,70807.3868
TBS,13,20-Apr-03,8,1,15,372398.1283,70978.7317
TBS,13,20-Apr-03,9,1,15,372369.7066,71044.5639
TBS,13,23-Apr-03,2,,0,372497.82,70894.8868
TBS,13,5-May-03,4,,0,372577.6387,70061.2358
TBS,13,5-May-03,5,1,15,372674.099,70077.7583
TBS,13,5-May-03,6,1,15,373614.8729,67269.7528
TBS,13,5-May-03,9,3,45,373145.1949,68521.4949
TBS,13,8-May-03,1,,0,372487.7092,70456.5686
TBS,13,8-May-03,2,1,15,372404.9896,70141.5876
TBS,13,8-May-03,3,1,15,372246.4135,70154.8643
TBS,13,8-May-03,4,1,15,372304.4174,70005.1947
TBS,13,8-May-03,5,1,15,372320.4639,70026.6281
TBS,13,8-May-03,6,1,15,372486.0618,69840.2804
TBS,13,8-May-03,7,1,15,372401.8577,70129.0263
TBS,13,8-May-03,8,1,15,372518.3036,69927.3361
TBS,13,8-May-03,9,1,15,372611.7075,69212.1704
TBS,13,9-May-03,1,,0,372382.8101,69787.7658
TBS,13,15-May-03,2,1,15,372482.5566,69975.3421
TBS,13,15-May-03,3,1,15,372421.2424,70092.3973
TBS,13,15-May-03,4,1,15,372512.4392,69940.0354
TBS,13,15-May-03,5,1,15,372557.8491,69833.4131
TBS,13,15-May-03,6,1,15,372273.8171,68382.6652
TBS,13,15-May-03,7,1,15,372509.7537,70172.1726
TBS,13,15-May-03,8,1,15,372589.8747,69197.4671
TBS,13,15-May-03,9,1,15,372553.6971,70082.3767
TBS,13,15-May-03,10,1,15,372584.4833,70106.191
TBS,13,15-May-03,11,1,15,372781.1363,70111.7645
TBS,13,15-May-03,12,1,15,372658.2127,70013.2021
TBS,13,15-May-03,13,1,15,372467.1355,69791.2088
TBS,13,15-May-03,14,1,15,372494.6805,69930.72
TBS,13,15-May-03,15,1,15,372521.585,70045.6025
TBS,13,15-May-03,16,1,15,372470.5097,69731.8451
TBS,13,15-May-03,17,1,15,372443.6235,69738.8635
TBS,13,15-May-03,18,1,15,372059.0706,69776.0305
TBS,13,15-May-03,19,1,15,372101.0553,69872.5773
TBS,13,15-May-03,20,1,15,370953.1587,68673.0544
TBS,13,15-May-03,21,1,15,372535.582,69432.5468
TBS,13,15-May-03,22,1,15,372515.7922,69911.8088
TBS,13,15-May-03,23,1,15,372292.7511,69219.156
TBS,13,15-May-03,24,1,15,372550.0969,69795.2997
TBS,13,15-May-03,25,1,15,372479.3794,69342.7826
TBS,13,15-May-03,26,1,15,372335.6487,69594.191
TBS,13,16-May-03,1,,0,372863.855,69648.2855
TBS,13,16-May-03,2,1,15,372825.2926,69498.9662
TBS,13,16-May-03,3,1,15,372752.7794,69941.2618
TBS,13,16-May-03,4,1,15,372748.0898,69786.3715
TBS,13,16-May-03,5,1,15,372714.2848,69941.0591
TBS,13,16-May-03,6,1,15,372833.5179,69794.0035
TBS,13,16-May-03,7,1,15,372973.6867,68088.2202
TBS,13,16-May-03,8,1,15,372675.0071,69964.7018
TBS,13,18-May-03,1,,0,372278.6832,69696.0804
TBS,13,18-May-03,2,1,15,372619.1901,70027.1209
TBS,13,18-May-03,3,1,15,372545.7162,69599.996
TBS,13,18-May-03,4,1,15,372683.4102,69906.8719
TBS,13,18-May-03,5,1,15,372698.1061,70084.3951
TBS,13,18-May-03,6,1,15,372725.9616,70242.0215
TBS,13,18-May-03,7,1,15,372680.2366,70012.7246
TBS,17,20-Apr-03,4,,0,372109.4557,71984.6531
TBS,17,20-Apr-03,7,3,45,372182.0821,72271.0404
TBS,17,20-Apr-03,8,1,15,372227.2457,71339.6035
TBS,17,20-Apr-03,9,1,15,372502.5559,71241.2341
TBS,17,23-Apr-03,1,,0,372004.9253,70294.4591
TBS,17,23-Apr-03,2,1,15,372044.7423,70273.0043
TBS,17,5-May-03,1,,0,372463.0714,70502.6195
TBS,17,5-May-03,3,2,30,372469.0905,70501.1188
TBS,17,5-May-03,4,1,15,372462.5872,70496.7258
TBS,17,5-May-03,5,1,15,372470.7472,70500.7057
TBS,19,18-Apr-03,3,,0,372456.4724,70120.5138
TBS,19,20-Apr-03,1,,0,372574.82,70777.6627
TBS,19,20-Apr-03,2,1,15,372575.2445,70790.5213
TBS,19,20-Apr-03,3,1,15,372617.7616,70587.9043
TBS,19,20-Apr-03,4,1,15,372497.8209,70510.2758
TBS,19,20-Apr-03,5,1,15,372465.0929,70777.5209
TBS,19,20-Apr-03,6,1,15,372496.4897,70725.2679
TBS,19,20-Apr-03,7,1,15,372397.4905,70928.7497
TBS,19,20-Apr-03,8,1,15,372501.5964,70970.4968
TBS,19,23-Apr-03,1,,0,372567.4545,70148.3473
TBS,19,5-May-03,3,,0,372554.9581,70153.1541
TBS,19,5-May-03,4,1,15,372644.4688,70002.4849
TBS,19,5-May-03,5,1,15,372977.4829,69715.6168
TBS,19,5-May-03,9,4,60,373381.8676,67793.0914
TBS,19,8-May-03,1,,0,372452.1536,70005.5834
TBS,19,8-May-03,2,1,15,372370.5497,70198.9051
TBS,19,8-May-03,3,1,15,372327.4625,70270.6143
TBS,19,8-May-03,4,1,15,372513.1088,69850.2176
TBS,19,8-May-03,5,1,15,372426.7498,70219.5646
TBS,19,8-May-03,6,1,15,372475.5139,69235.993
TBS,19,8-May-03,8,2,30,372555.309,69691.7792
TBS,19,9-May-03,1,,0,372473.6264,70237.3756
TBS,19,9-May-03,2,1,15,372547.0068,70203.3571
TBS,19,15-May-03,1,,0,372547.5956,69746.755
TBS,19,15-May-03,2,1,15,372517.3521,69954.585
TBS,19,15-May-03,3,1,15,372366.1315,67255.3429
TBS,19,15-May-03,4,1,15,372176.227,68850.5596
TBS,19,15-May-03,5,1,15,372538.7509,69597.115
TBS,19,15-May-03,6,1,15,372579.8127,70044.6668
TBS,19,15-May-03,7,1,15,372592.0847,70105.6047
TBS,19,15-May-03,8,1,15,372580.5457,69879.8769
TBS,19,15-May-03,9,1,15,372559.9889,70032.7033
TBS,19,15-May-03,10,1,15,372788,69350.0616
TBS,19,15-May-03,11,1,15,372708.1941,69720.0709
TBS,19,15-May-03,12,1,15,372513.5905,69930.9289
TBS,19,15-May-03,13,1,15,372536.6451,69852.8784
TBS,19,15-May-03,14,1,15,372543.6421,69967.5228
TBS,19,15-May-03,15,1,15,372252.7164,68972.6557
TBS,19,15-May-03,16,1,15,372601.8014,70132.3343
TBS,19,15-May-03,17,1,15,372289.4365,70078.4969
TBS,19,15-May-03,18,1,15,372083.6483,69822.851
TBS,19,15-May-03,19,1,15,372156.2891,69864.7154
TBS,19,15-May-03,20,1,15,372290.2918,70108.3982
TBS,19,15-May-03,21,1,15,372498.8025,70506.9192
TBS,19,15-May-03,22,1,15,372500.4874,69794.2533
TBS,19,15-May-03,23,1,15,372481.0562,69553.5104
TBS,19,15-May-03,24,1,15,372551.3841,69634.3162
TBS,19,15-May-03,25,1,15,372386.8372,69532.9245
TBS,19,15-May-03,26,1,15,372423.8126,69661.5608
TBS,19,16-May-03,1,,0,372784.4689,69878.2839
TBS,19,16-May-03,2,1,15,372867.1397,69555.7572
TBS,19,16-May-03,4,2,30,372798.5876,69838.3748
TBS,19,16-May-03,5,1,15,372743.1397,69889.0201
TBS,19,16-May-03,6,1,15,372863.0792,69730.6091
TBS,19,16-May-03,7,1,15,372886.7851,69136.8489
TBS,19,16-May-03,8,1,15,372579.2565,69956.8873
TBS,19,18-May-03,2,,0,372497.82,68380.202
TBS,19,18-May-03,3,1,15,372612.8731,69198.8472
TBS,19,18-May-03,4,1,15,372678.3687,70143.7304
TBS,19,18-May-03,5,1,15,372674.8782,70096.787
TBS,19,18-May-03,6,1,15,372743.4145,69935.3256
TBS,19,18-May-03,7,1,15,372710.9749,69958.6225
YRS,20,29-Mar-04,1,,0,344141.6893,74968.1301
YRS,20,29-Mar-04,2,1,15,344134.9748,75182.5612
YRS,20,29-Mar-04,3,1,15,344076.8048,75016.2638
YRS,20,29-Mar-04,4,1,15,344117.137,75220.8485
YRS,20,9-May-04,1,,0,344244.9673,75212.8113
YRS,20,9-May-04,2,1,15,344236.3115,75333.9912
YRS,20,9-May-04,3,1,15,344110.2759,75486.849
YRS,20,9-May-04,5,2,30,344271.2675,75607.5069
YRS,20,9-May-04,6,1,15,344568.3552,75998.4951
YRS,20,9-May-04,8,2,30,344126.8232,75746.8609
YRS,20,9-May-04,9,1,15,344143.3569,75435.4149
YRS,20,9-May-04,10,1,15,344074.1735,75495.235
YRS,20,9-May-04,11,1,15,344055.5722,75582.4136
YRS,20,9-May-04,12,1,15,344084.3702,75525.1471
YRS,20,12-May-04,2,,0,344074.8662,75500.7541
YRS,20,12-May-04,3,1,15,344050.5741,75465.552
YRS,20,12-May-04,4,1,15,344149.6174,75512.9394
YRS,20,14-May-04,1,,0,344231.3959,75869.434
YRS,20,14-May-04,2,1,15,343785.6932,76031.4793
YRS,20,14-May-04,3,1,15,343907.5677,75844.4903
YRS,20,14-May-04,4,1,15,344027.1753,75489.4358
YRS,20,14-May-04,5,1,15,344026.6946,75439.4523
YRS,20,14-May-04,6,1,15,344004.6544,75569.2112
YRS,20,14-May-04,7,1,15,343999.1204,75481.4932
YRS,20,14-May-04,8,1,15,344028.0843,75446.1701
YRS,20,14-May-04,9,1,15,343943.7844,75517.6368
TBS,22,5-Apr-04,7,,0,372404.2143,70240.8775
TBS,22,5-Apr-04,8,1,15,372582.3722,70120.0912
TBS,22,9-Apr-04,1,,0,372786.9737,70551.2381
TBS,22,9-Apr-04,2,1,15,372744.708,70482.1692
TBS,22,9-Apr-04,3,1,15,372743.0321,70626.367
TBS,22,9-Apr-04,4,1,15,372687.7727,70489.5641
TBS,22,9-Apr-04,5,1,15,372614.511,70630.9841
TBS,22,9-Apr-04,6,1,15,372601.6848,70637.875
TBS,22,9-Apr-04,8,2,30,372695.343,70522.642
TBS,22,11-Apr-04,2,,0,372685.5671,70533.9835
TBS,22,11-Apr-04,3,1,15,372807.7755,71011.2348
TBS,22,11-Apr-04,4,1,15,372682.859,70553.8167
TBS,22,11-Apr-04,5,1,15,372547.1399,70557.2549
TBS,22,11-Apr-04,6,1,15,372781.6713,70467.0108
TBS,22,11-Apr-04,7,1,15,372726.3943,70523.7917
TBS,22,11-Apr-04,9,2,30,374233.5689,71615.5386
TBS,22,11-Apr-04,11,2,30,373102.0563,70910.5476
TBS,22,20-Apr-04,1,,0,372412.4769,70738.3308
TBS,22,20-Apr-04,3,2,30,372492.2429,71257.526
TBS,22,20-Apr-04,4,1,15,372472.5614,70728.9622
TBS,22,20-Apr-04,5,1,15,372485.8574,70746.6904
TBS,22,20-Apr-04,7,2,30,372777.0164,70511.7189
TBS,22,20-Apr-04,9,2,30,372818.1602,70876.2505
TBS,22,23-Apr-04,1,,0,372694.6491,70884.1214
TBS,22,23-Apr-04,2,1,15,372627.3824,70747.0177
TBS,22,23-Apr-04,3,1,15,372770.6023,70526.7899
TBS,22,26-Apr-04,1,,0,372584,70863.202
TBS,22,28-Apr-04,1,,0,374420.1978,70580.7869
TBS,22,28-Apr-04,2,1,15,373004.5225,70263.256
TBS,22,28-Apr-04,3,1,15,373231.6878,69916.1735
TBS,22,28-Apr-04,4,1,15,373133.5922,68948.0157
TBS,22,28-Apr-04,7,3,45,372041.4939,70761.813
TBS,22,28-Apr-04,8,1,15,371183.2883,71527.3317
TBS,22,28-Apr-04,9,1,15,370699.4588,70965.6718
TBS,22,1-May-04,5,,0,372890.0506,70164.5583
TBS,22,1-May-04,6,1,15,372431.0967,70328.9751
TBS,22,1-May-04,8,2,30,372718.065,70512.4754
TBS,22,1-May-04,9,1,15,375199.9961,70355.49
TBS,22,1-May-04,11,2,30,372866.7338,70518.3605
TBS,22,1-May-04,12,1,15,372788.6357,70445.4366
TBS,22,1-May-04,14,2,30,372850.2843,70313.0742
TBS,22,1-May-04,16,2,30,372920.5871,70568.5795
TBS,22,4-May-04,1,,0,372518.5182,69429.7314
TBS,22,4-May-04,2,1,15,372397.5431,69297.0559
TBS,22,4-May-04,4,2,30,372579.1563,69926.6459
TBS,22,4-May-04,6,2,30,372835.9166,69608.0732
TBS,22,4-May-04,7,1,15,372915.3486,69399.9638
TBS,22,4-May-04,8,1,15,372980.2526,69313.5192
TBS,22,4-May-04,9,1,15,373332.0092,69540.4381
TBS,22,4-May-04,10,1,15,372935.0811,69889.8128
TBS,22,6-May-04,4,,0,373288.3367,69944.6033
TBS,22,6-May-04,8,4,60,373834.3814,69434.9284
TBS,22,6-May-04,13,5,75,372876.6858,70106.1534
TBS,24,10-Jan-05,2,,0,371277.97,69570.859
TBS,24,12-Jan-05,1,,0,372289.8762,69318.5624
TBS,24,12-Jan-05,3,2,30,372217.5221,69475.0061
TBS,24,22-Jan-05,4,,0,371380.2359,69968.5142
TBS,24,22-Jan-05,5,1,15,371336.6939,69857.1331
TBS,24,24-Jan-05,1,,0,371276.893,70073.8192
TBS,24,24-Jan-05,3,2,30,371502.9948,69437.0406
TBS,24,24-Jan-05,4,1,15,371163.8778,70217.4548
TBS,24,24-Jan-05,5,1,15,371115.92,70460.0102
TBS,24,24-Jan-05,6,1,15,371328.9124,69790.5667
TBS,24,24-Jan-05,7,1,15,371291.3833,69850.3479
TBS,24,24-Jan-05,8,1,15,371251.0713,69799.4587
TBS,24,24-Jan-05,9,1,15,371197.5991,70003.0148
TBS,24,24-Jan-05,10,1,15,371254.0851,70025.6178
YRS,29,2-Feb-04,1,,0,344154.51,76189.6707
YRS,29,2-Feb-04,3,2,30,344182.0341,76099.2129
YRS,29,2-Feb-04,4,1,15,344131.8173,75921.5065
YRS,29,2-Feb-04,5,1,15,344293.8279,75928.5553
YRS,29,2-Feb-04,6,1,15,344117.997,76227.7596
YRS,29,2-Feb-04,7,1,15,344334.5199,76294.3858
YRS,29,2-Feb-04,8,1,15,344189.9054,75887.6936
YRS,29,2-Feb-04,9,1,15,344150.34,75787.5735
YRS,29,2-Feb-04,10,1,15,344228.0565,76084.8708
YRS,29,2-Feb-04,14,4,60,344268.246,76181.2373
YRS,29,2-Feb-04,15,1,15,345538.4778,77922.0516
YRS,29,2-Feb-04,16,1,15,344762.4022,77693.9258
YRS,29,3-Feb-04,1,,0,344030.6075,75638.7064
YRS,29,3-Feb-04,2,1,15,344040.894,75585.4375
YRS,29,3-Feb-04,3,1,15,343946.7372,75472.6014
YRS,29,3-Feb-04,4,1,15,344029.1359,75449.426
YRS,29,3-Feb-04,5,1,15,344086.7676,75543.2673
YRS,29,3-Feb-04,6,1,15,344072.0081,75509.4039
YRS,29,3-Feb-04,7,1,15,344135.8967,75312.3012
YRS,29,3-Feb-04,11,4,60,344267.4106,75413.7331
YRS,29,3-Feb-04,12,1,15,344278.1658,75686.2484
YRS,29,4-Feb-04,1,,0,344232.3597,76118.7006
YRS,29,4-Feb-04,2,1,15,344258.9837,75765.5308
YRS,29,4-Feb-04,3,1,15,345384.5386,77848.9542
YRS,29,5-Feb-04,1,,0,344229.7087,75441.3277
YRS,29,5-Feb-04,2,1,15,344362.3598,75549.0318
YRS,29,5-Feb-04,3,1,15,344261.3036,75518.4574
YRS,29,5-Feb-04,4,1,15,344347.5457,75577.7505
YRS,29,5-Feb-04,5,1,15,344217.8303,75391.8722
YRS,29,5-Feb-04,6,1,15,344020.1917,75233.7898
YRS,29,5-Feb-04,7,1,15,344005.5171,75537.8752
YRS,29,5-Feb-04,8,1,15,343976.5347,75435.683
YRS,29,5-Feb-04,9,1,15,344224.6701,75421.0675
YRS,29,5-Mar-04,1,,0,344111.6103,75587.5323
YRS,29,5-Mar-04,2,1,15,344116.0307,75578.8569
YRS,29,5-Mar-04,3,1,15,344113.4909,75592.6993
YRS,29,6-Mar-04,1,,0,344164.1679,75460.2204
YRS,29,6-Mar-04,2,1,15,344182.9397,75447.5405
YRS,30,2-Feb-04,1,,0,344250.7657,76064.8313
YRS,30,2-Feb-04,3,2,30,344133.1682,75815.3939
YRS,30,2-Feb-04,4,1,15,344059.0968,75877.73
YRS,30,2-Feb-04,5,1,15,344066.1533,75904.0524
YRS,30,2-Feb-04,6,1,15,344092.3921,75908.7784
YRS,30,2-Feb-04,7,1,15,344276.3293,76150.1068
YRS,30,2-Feb-04,9,2,30,344094.7189,76044.692
YRS,30,2-Feb-04,10,1,15,344212.4326,76094.9857
YRS,30,2-Feb-04,13,3,45,344319.798,75788.5054
YRS,30,2-Feb-04,15,2,30,344124.2557,75952.0016
YRS,30,3-Feb-04,1,,0,344076.2931,75497.6331
YRS,30,3-Feb-04,2,1,15,343918.0788,75567.4559
YRS,30,3-Feb-04,4,2,30,344079.2463,75515.3226
YRS,30,3-Feb-04,5,1,15,344075.0325,75487.6956
YRS,30,3-Feb-04,6,1,15,344055.907,75437.13
YRS,30,3-Feb-04,7,1,15,344268.8503,75207.8281
YRS,30,3-Feb-04,10,3,45,344220.4522,75371.5774
YRS,30,3-Feb-04,11,1,15,344232.5109,75398.6857
YRS,30,3-Feb-04,12,1,15,344161.896,75562.9144
YRS,30,4-Feb-04,1,,0,344000.2961,75867.3973
YRS,30,4-Feb-04,2,1,15,344305.5094,75800.061
YRS,30,4-Feb-04,3,1,15,344570.4071,76458.8529
YRS,30,5-Feb-04,1,,0,344224.3999,75416.0687
YRS,30,5-Feb-04,2,1,15,344332.199,75586.8392
YRS,30,5-Feb-04,3,1,15,344320.5744,75566.4315
YRS,30,5-Feb-04,4,1,15,344240.6971,75466.1673
YRS,30,5-Feb-04,5,1,15,344181.1377,75456.3194
YRS,30,5-Feb-04,6,1,15,344161.1437,75340.8288
YRS,30,5-Feb-04,7,1,15,343935.9632,75385.9894
YRS,30,5-Feb-04,8,1,15,344263.6356,75507.5763
YRS,30,5-Feb-04,9,1,15,344260.4412,75500.7822
YRS,30,5-Mar-04,1,,0,344278.9244,73540.7271
YRS,30,5-Mar-04,2,1,15,344014.9427,75147.7768
YRS,30,6-Mar-04,1,,0,344011.6017,75157.3379
YRS,30,6-Mar-04,5,4,60,343902.1259,75451.9972
YRS,30,6-Mar-04,7,2,30,343934.51,75385.6
YRS,30,6-Mar-04,8,1,15,343930.3121,75425.54
YRS,30,6-Mar-04,10,2,30,343973.2463,75498.0984
YRS,30,6-Mar-04,11,1,15,343988.105,75505.9764
YRS,30,8-Mar-04,1,,0,343989.124,76080.9909
YRS,30,8-Mar-04,3,2,30,344121.2315,76170.6732
YRS,30,8-Mar-04,4,1,15,343972.4255,76041.4507
YRS,30,8-Mar-04,5,1,15,344067.4762,76433.6251
YRS,30,8-Mar-04,6,1,15,343971.9613,76156.952
YRS,30,8-Mar-04,7,1,15,343958.8141,76104.824
YRS,30,8-Mar-04,8,1,15,344022.7497,76153.6305
YRS,30,8-Mar-04,9,1,15,343988.2761,76023.0114
YRS,30,9-Mar-04,1,,0,343996.755,74924.7679
YRS,30,9-Mar-04,2,1,15,343470.8997,74902.7003
YRS,30,9-Mar-04,3,1,15,344036.7539,74945.663
YRS,30,9-Mar-04,4,1,15,344155.9172,74476.5514
YRS,30,9-Mar-04,5,1,15,344184.7885,75174.1915
YRS,30,9-Mar-04,6,1,15,344136.661,75296.0565
YRS,30,9-Mar-04,7,1,15,344187.2223,75299.4095
YRS,30,9-Mar-04,8,1,15,344131.8239,75321.0063
YRS,30,9-Mar-04,9,1,15,344061.0238,75332.7539
TBS,21,17-Mar-04,2,,0,372679.4145,69942.759
TBS,21,18-Mar-04,2,,0,372732.1318,70319.4579
TBS,21,20-Mar-04,1,,0,372166.7557,71606.5743
TBS,21,22-Mar-04,1,,0,372922.5966,71021.3414
TBS,21,23-Mar-04,1,,0,372843.7013,70720.979
TBS,21,24-Mar-04,2,,0,372505.7706,71133.8494
TBS,21,30-Mar-04,4,,0,372238.2646,71623.9113
TBS,21,1-Apr-04,1,,0,372917.3646,71148.4802
TBS,21,5-Apr-04,1,,0,372946.0374,71064.2501
TBS,21,7-Apr-04,1,,0,372961.1482,70865.9155
TBS,21,9-Apr-04,1,,0,372757.2276,70820.9885
TBS,21,17-Apr-04,1,,0,372926.4645,71032.0171
TBS,21,18-Apr-04,1,,0,373083.5027,70896.6296
TBS,21,30-Apr-04,1,,0,373201.4795,70750.6057
TBS,9,24-Dec-03,3,,0,372497.82,70513.91
TBS,9,31-Dec-03,7,,0,372456.6433,70189.8341
TBS,9,4-Jan-04,1,,0,372470.528,70519.2181
TBS,9,14-Jan-04,1,,0,372457.2447,70406.0448
TBS,9,16-Jan-04,1,,0,372409.5496,70260.9753
TBS,9,26-Jan-04,1,,0,372389.7323,70314.7062
TBS,9,29-Jan-04,1,,0,373185.7977,70954.0605
TBS,9,30-Jan-04,1,,0,372520.0584,70181.6902
TBS,84,6-Jul-01,19,,0,372459,69575.71
TBS,84,6-Jul-01,22,0.041666667,60,372333,69611.99
TBS,84,6-Jul-01,23,0.020833333,30,371774,69772.17
TBS,84,10-Jul-01,6,,0,372638,69691.37
TBS,84,10-Jul-01,7,0.020833333,30,371921,69729.98
TBS,84,10-Jul-01,8,0.020833333,30,370746,70080.3
TBS,84,10-Jul-01,12,0.083333333,120,374114,69579.28
TBS,84,12-Jul-01,6,,0,371330,69789.35
TBS,84,12-Jul-01,7,0.020833333,30,372770,69207.4
TBS,84,12-Jul-01,8,0.020833333,30,372770,69207.4
TBS,84,12-Jul-01,9,0.020833333,30,372799,68778.53
TBS,84,12-Jul-01,10,0.020833333,30,373729,68682.67
TBS,84,12-Jul-01,12,0.041666667,60,372644,69069.65
TBS,84,12-Jul-01,13,0.020833333,30,372109,69403.61
TBS,84,12-Jul-01,15,0.041666667,60,372552,69382.34
TBS,84,14-Jul-01,3,,0,372388,69520.05
TBS,84,14-Jul-01,4,0.020833333,30,370885,70054.8
TBS,84,14-Jul-01,6,0.020833333,30,373218,69516.11
TBS,84,14-Jul-01,7,0.020833333,30,373211,68540.27
TBS,84,14-Jul-01,8,0.020833333,30,371941,69478.62
TBS,84,14-Jul-01,9,0.020833333,30,372800,69568.21
TBS,84,14-Jul-01,12,0.0625,90,372384,69745.28
TBS,84,21-Jul-01,18,,0,372354,69962.65
TBS,84,21-Jul-01,21,0.041666667,60,372360,69892.28
TBS,84,21-Jul-01,23,0.041666667,60,372382,69817.91
TBS,84,23-Jul-01,21,,0,372798,69916.05
TBS,84,23-Jul-01,22,0.020833333,30,372939,69901.24
TBS,84,23-Jul-01,23,0.020833333,30,374667,69259.99
TBS,84,23-Jul-01,25,0.041666667,60,373562,69552.57
TBS,84,25-Jul-01,20,,0,372272,69971.27
TBS,84,25-Jul-01,21,0.013888889,20,372154,70014.75
TBS,84,25-Jul-01,22,0.020833333,30,372510,70169.12
TBS,84,25-Jul-01,25,0.0625,90,372027,69850.95
TBS,84,25-Jul-01,27,0.020833333,30,372007,69795.86
TBS,84,25-Jul-01,28,0.013888889,20,371860,69883.38
TBS,84,30-Jul-01,3,,0,372376,69783.03
TBS,84,30-Jul-01,4,0.020833333,30,372660,69727.93
TBS,84,30-Jul-01,6,0.020833333,30,372515,69870.49
TBS,84,30-Jul-01,7,0.020833333,30,372459,69878.36
TBS,84,30-Jul-01,8,0.020833333,30,373064,69600.75
TBS,84,30-Jul-01,9,0.020833333,30,372820,69563.19
TBS,84,30-Jul-01,10,0.020833333,30,372522,69677.01
TBS,84,30-Jul-01,12,0.041666667,60,371819,69865.39
TBS,84,1-Aug-01,21,,0,372822,69283.82
TBS,84,1-Aug-01,22,0.020833333,30,372784,69344.72
TBS,84,1-Aug-01,24,0.041666667,60,372727,69409.67
TBS,84,2-Aug-01,7,,0,372492,69644.96
TBS,84,2-Aug-01,8,0.020833333,30,372894,69727.63
TBS,84,2-Aug-01,9,0.020833333,30,372117,69673.78
TBS,84,2-Aug-01,10,0.020833333,30,371923,69671.13
TBS,84,2-Aug-01,11,0.020833333,30,372432,69659.88
TBS,84,2-Aug-01,12,0.020833333,30,373050,69747.79
TBS,84,4-Aug-01,21,,0,371385,69975.67
TBS,84,4-Aug-01,22,0.020833333,30,370940,70011.34
TBS,84,4-Aug-01,23,0.020833333,30,370965,69959.79
TBS,84,4-Aug-01,24,0.017361111,25,370924,70005.96
TBS,84,5-Aug-01,10,,0,372459,69575.71
TBS,84,5-Aug-01,11,0.020833333,30,371779,69873.79
TBS,84,5-Aug-01,12,0.020833333,30,371376,69995.22
TBS,84,5-Aug-01,14,0.041666667,60,372991,69616.3
TBS,84,5-Aug-01,17,0.0625,90,373154,69271.03
TBS,84,5-Aug-01,18,0.020833333,30,372543,69789.48
TBS,84,5-Aug-01,19,0.020833333,30,372492,69722.27
TBS,84,5-Aug-01,21,0.020833333,30,372234,69843.9
TBS,84,5-Aug-01,23,0.041666667,60,372261,69805.34
TBS,84,7-Aug-01,24,,0,373049,68985.1
TBS,84,7-Aug-01,25,0.020833333,30,373124,68951.82
TBS,84,9-Aug-01,11,,0,373151,69164.01
TBS,84,9-Aug-01,14,0.0625,90,371714,69789.56
TBS,84,9-Aug-01,15,0.020833333,30,372380,69444.91
TBS,84,9-Aug-01,17,0.041666667,60,372431,69344.54
TBS,84,9-Aug-01,18,0.020833333,30,372685,69681.32
TBS,84,9-Aug-01,21,0.041666667,60,372913,69724.23
TBS,84,9-Aug-01,22,0.020833333,30,373225,69137.19
TBS,84,9-Aug-01,23,0.020833333,30,373206,69873.16
TBS,84,9-Aug-01,24,0.020833333,30,373000,69518.26
TBS,84,9-Aug-01,25,0.020833333,30,373137,69484.28
TBS,84,10-Aug-01,20,,0,372219,70001.87
TBS,84,10-Aug-01,21,0.013888889,20,372464,70437.87
TBS,84,11-Aug-01,8,,0,370449,70155.41
TBS,84,11-Aug-01,9,0.020833333,30,373117,69589.48
TBS,84,14-Aug-01,5,,0,372543,69789.48
TBS,84,14-Aug-01,6,0.013888889,20,372841,69911.5
TBS,84,14-Aug-01,7,0.020833333,30,372449,69693.71
TBS,84,14-Aug-01,11,0.083333333,120,372492,69683.77
TBS,84,14-Aug-01,12,0.020833333,30,372480,69800.63
TBS,84,18-Aug-01,19,,0,371911,69585.29
TBS,84,18-Aug-01,21,0.020833333,30,372053,69754.52
TBS,84,18-Aug-01,25,0.083333333,120,372614,69359.74
TBS,84,19-Aug-01,7,,0,372646,70344.9
TBS,84,19-Aug-01,9,0.041666667,60,372492,70517.4
TBS,84,21-Aug-01,1,,0,372183,69852.92
TBS,84,21-Aug-01,6,0.079861111,115,372623,69775.41
TBS,84,21-Aug-01,7,0.020833333,30,372868,69864.86
TBS,84,21-Aug-01,8,0.020833333,30,372896,69816.97
TBS,84,21-Aug-01,9,0.020833333,30,372841,69911.5
TBS,84,21-Aug-01,10,0.020833333,30,373561,69947.38
TBS,84,21-Aug-01,12,0.041666667,60,370852,70136.84
TBS,84,21-Aug-01,13,0.020833333,30,372300,70102.43
TBS,84,21-Aug-01,14,0.020833333,30,372492,70095.7
TBS,49,6-Jul-01,38,,0,372338,70237.14167
TBS,49,6-Jul-01,40,0.020833333,30,372586,70399.92512
TBS,49,10-Jul-01,5,,0,372837,69513.34729
TBS,49,10-Jul-01,7,0.013888889,20,372833,69327.99219
TBS,49,10-Jul-01,9,0.020833333,30,372905,69588.47226
TBS,49,10-Jul-01,11,0.020833333,30,372084,69808.99057
TBS,49,10-Jul-01,19,0.083333333,120,374599,69577.5489
TBS,49,12-Jul-01,7,,0,373363,69316.48301
TBS,49,12-Jul-01,9,0.020833333,30,372899,68601.20701
TBS,49,12-Jul-01,11,0.020833333,30,372757,68631.97777
TBS,49,12-Jul-01,13,0.020833333,30,372592,69095.3391
TBS,49,12-Jul-01,15,0.020833333,30,373814,68029.4473
TBS,49,12-Jul-01,17,0.020833333,30,373448,69292.2249
TBS,49,12-Jul-01,22,0.0625,90,372283,69326.48884
TBS,49,14-Jul-01,3,,0,371774,69772.17669
TBS,49,14-Jul-01,7,0.020833333,30,372295,69586.75807
TBS,49,14-Jul-01,9,0.020833333,30,374128,68264.67659
TBS,49,14-Jul-01,11,0.020833333,30,372492,69233.13354
TBS,49,14-Jul-01,13,0.020833333,30,372238,69496.44941
TBS,49,14-Jul-01,17,0.041666667,60,371347,69743.08236
TBS,49,14-Jul-01,19,0.020833333,30,372427,69584.96773
TBS,49,21-Jul-01,27,0.125,180,372492,69644.96771
TBS,49,21-Jul-01,34,0.0625,90,372360,69892.28794
TBS,49,21-Jul-01,36,0.020833333,30,372415,70027.52173
TBS,49,21-Jul-01,38,0.020833333,30,372360,69892.28794
TBS,49,23-Jul-01,33,,0,372520,69716.33791
TBS,49,23-Jul-01,35,0.020833333,30,373445,70009.00932
TBS,49,23-Jul-01,37,0.020833333,30,373373,69749.86013
TBS,49,25-Jul-01,30,,0,372197,69785.01571
TBS,49,25-Jul-01,33,0.017361111,25,371900,69902.78922
TBS,49,25-Jul-01,35,0.020833333,30,372633,69853.8985
TBS,49,25-Jul-01,37,0.020833333,30,372516,69832.37566
TBS,49,25-Jul-01,41,0.041666667,60,372418,69811.48475
TBS,49,25-Jul-01,44,0.020833333,30,371864,69909.17116
TBS,49,25-Jul-01,45,0.013888889,20,371860,69883.38079
TBS,49,30-Jul-01,3,,0,372321,69828.6377
TBS,49,30-Jul-01,4,0.020833333,30,372318,69863.81741
TBS,49,30-Jul-01,8,0.020833333,30,372511,69983.57052
TBS,49,30-Jul-01,10,0.020833333,30,372382,69994.88028
TBS,49,30-Jul-01,12,0.020833333,30,372932,69811.86099
TBS,49,30-Jul-01,14,0.020833333,30,372887,69773.6701
TBS,49,30-Jul-01,18,0.041666667,60,371946,69950.38262
TBS,49,30-Jul-01,20,0.020833333,30,371864,69988.1779
TBS,49,30-Jul-01,29,0.145833333,210,371729,69980.97991
TBS,49,1-Aug-01,28,,0,372769,69663.41278
TBS,49,1-Aug-01,29,0.020833333,30,372866,69364.52821
TBS,49,1-Aug-01,33,0.020833333,30,372884,69310.41464
TBS,49,1-Aug-01,37,0.041666667,60,372971,69330.46983
TBS,49,1-Aug-01,39,0.020833333,30,372917,69347.96363
TBS,49,1-Aug-01,42,0.020833333,30,372920,69197.7662
TBS,49,2-Aug-01,10,,0,372492,69760.48205
TBS,49,2-Aug-01,12,0.020833333,30,373188,69259.88549
TBS,49,2-Aug-01,14,0.020833333,30,372288,69552.56776
TBS,49,2-Aug-01,15,0.020833333,30,372040,69818.50101
TBS,49,2-Aug-01,20,0.041666667,60,372821,69740.41183
TBS,49,5-Aug-01,15,,0,372560,69546.88189
TBS,49,5-Aug-01,18,0.020833333,30,372162,69920.06383
TBS,49,5-Aug-01,20,0.020833333,30,371543,69945.0649
TBS,49,5-Aug-01,21,0.020833333,30,372156,69793.81572
TBS,49,5-Aug-01,23,0.020833333,30,372633,69853.8985
TBS,49,5-Aug-01,24,0.020833333,30,373090,69693.05415
TBS,49,5-Aug-01,25,0.020833333,30,373065,69697.41192
TBS,49,5-Aug-01,26,0.020833333,30,374039,69122.70994
TBS,49,5-Aug-01,28,0.020833333,30,373031,69411.95
TBS,49,5-Aug-01,29,0.020833333,30,372678,69640.8467
TBS,49,5-Aug-01,33,0.020833333,30,372211,69782.12075
TBS,49,7-Aug-01,39,,0,373314,68480.70007
TBS,49,7-Aug-01,42,0.020833333,30,372839,69737.33322
TBS,49,7-Aug-01,44,0.020833333,30,373204,68916.04886
TBS,49,9-Aug-01,18,,0,373227,68785.61105
TBS,49,9-Aug-01,23,0.0625,90,371743,69930.49515
TBS,49,9-Aug-01,24,0.020833333,30,372197,69785.01571
TBS,49,9-Aug-01,25,0.020833333,30,372255,69738.61983
TBS,49,9-Aug-01,26,0.020833333,30,372530,69791.7454
TBS,49,9-Aug-01,28,0.020833333,30,372547,69468.21849
TBS,49,9-Aug-01,29,0.020833333,30,372357,69822.20207
TBS,49,9-Aug-01,33,0.020833333,30,372823,69696.12137
TBS,49,9-Aug-01,35,0.020833333,30,373137,69484.2853
TBS,49,9-Aug-01,39,0.041666667,60,373026,69511.90213
TBS,49,9-Aug-01,42,0.020833333,30,372928,69489.06034
TBS,49,10-Aug-01,31,,0,370390,67151.32073
TBS,49,10-Aug-01,33,0.010416667,15,371180,68952.13216
TBS,49,10-Aug-01,37,0.041666667,60,373483,69623.7813
TBS,49,11-Aug-01,12,,0,370942,70041.67955
TBS,49,11-Aug-01,14,0.020833333,30,373285,69500.70762
TBS,49,14-Aug-01,6,,0,372592,69701.01009
TBS,49,14-Aug-01,8,0.013888889,20,372894,69727.63834
TBS,49,14-Aug-01,10,0.020833333,30,372439,69503.29289
TBS,49,14-Aug-01,18,0.083333333,120,372418,69811.48475
TBS,49,14-Aug-01,20,0.020833333,30,372492,69722.27084
TBS,49,18-Aug-01,28,,0,371908,69818.77308
TBS,49,18-Aug-01,29,0.020833333,30,371896,69560.81132
TBS,49,18-Aug-01,33,0.020833333,30,372030,69879.88129
TBS,49,18-Aug-01,42,0.083333333,120,372878,69455.68226
TBS,49,18-Aug-01,43,0.013888889,20,372661,69560.70356
TBS,49,19-Aug-01,10,,0,372662,70382.92112
TBS,49,19-Aug-01,12,0.020833333,30,372529,70499.17357
TBS,49,19-Aug-01,14,0.020833333,30,372533,70558.34476
TBS,49,21-Aug-01,1,,0,372321,69828.6377
TBS,49,21-Aug-01,4,0.055555556,80,370724,70139.86553
TBS,49,21-Aug-01,8,0.020833333,30,372298,70035.67574
TBS,49,21-Aug-01,10,0.020833333,30,372913,69724.23708
TBS,49,21-Aug-01,12,0.020833333,30,372888,69906.59275
TBS,49,21-Aug-01,14,0.020833333,30,372829,69955.76426
TBS,49,21-Aug-01,15,0.020833333,30,374056,69719.02899
TBS,49,21-Aug-01,20,0.041666667,60,371607,70084.00036
TBS,49,21-Aug-01,21,0.020833333,30,372110,69927.3581
TBS,49,21-Aug-01,23,0.020833333,30,372377,69925.08954
TBS,28,23-Jul-01,23,,0,371613,69723.97471
TBS,28,23-Jul-01,24,0.020833333,30,371896,69560.81132
TBS,28,23-Jul-01,27,0.041666667,60,371186,70014.33293
TBS,28,25-Jul-01,18,,0,371649,69947.0683
TBS,28,25-Jul-01,22,0.038194444,55,370561,70175.08767
TBS,28,25-Jul-01,24,0.041666667,60,370637,70121.19607
TBS,28,25-Jul-01,26,0.020833333,30,371162,70005.01732
TBS,28,25-Jul-01,29,0.041666667,60,371647,69855.6024
TBS,28,25-Jul-01,30,0.013888889,20,371016,70036.02576
TBS,28,30-Jul-01,3,,0,370648,70123.62891
TBS,28,30-Jul-01,11,0.145833333,210,370781,70057.05772
TBS,28,30-Jul-01,12,0.020833333,30,370998,69971.66552
TBS,28,30-Jul-01,13,0.020833333,30,370868,70049.91783
TBS,28,30-Jul-01,19,0.104166667,150,370466,70158.40199
TBS,28,1-Aug-01,19,,0,370543,70101.21118
TBS,28,1-Aug-01,24,0.0625,90,370462,70157.68512
TBS,28,2-Aug-01,8,,0,371960,69470.27922
TBS,28,2-Aug-01,9,0.020833333,30,370694,70033.78746
TBS,28,2-Aug-01,11,0.041666667,60,370731,70109.00488
TBS,28,4-Aug-01,22,,0,370538,70100.20452
TBS,28,4-Aug-01,23,0.020833333,30,370631,70051.57599
TBS,28,4-Aug-01,24,0.020833333,30,370699,70068.61245
TBS,28,4-Aug-01,25,0.017361111,25,371214,69836.10512
TBS,28,5-Aug-01,9,,0,371961,69835.2598
TBS,28,5-Aug-01,10,0.020833333,30,371743,69930.49515
TBS,28,5-Aug-01,11,0.020833333,30,371488,69935.75908
TBS,28,5-Aug-01,12,0.020833333,30,371530,69842.12219
TBS,28,5-Aug-01,13,0.020833333,30,371256,70016.34114
TBS,28,5-Aug-01,19,0.104166667,150,370841,70073.22568
TBS,28,5-Aug-01,24,0.0625,90,370807,70095.53607
TBS,28,7-Aug-01,23,,0,370435,70152.84119
TBS,28,7-Aug-01,27,0.0625,90,370440,70153.79397
TBS,28,7-Aug-01,29,0.020833333,30,370429,70151.81017
TBS,28,9-Aug-01,11,,0,371225,69897.70968
TBS,28,9-Aug-01,16,0.104166667,150,371513,69804.21379
TBS,28,9-Aug-01,17,0.020833333,30,371118,69932.45826
TBS,28,9-Aug-01,24,0.083333333,120,371530,69708.42541
TBS,28,9-Aug-01,26,0.020833333,30,371562,69788.46894
TBS,28,9-Aug-01,27,0.020833333,30,371654,69991.5426
TBS,28,10-Aug-01,21,,0,370221,70356.81776
TBS,28,10-Aug-01,23,0.03125,45,370353,70176.88713
TBS,28,10-Aug-01,24,0.020833333,30,369908,70334.9571
TBS,28,10-Aug-01,26,0.020833333,30,370312,70131.27182
TBS,28,11-Aug-01,9,,0,371054,70075.83833
TBS,28,11-Aug-01,11,0.041666667,60,370466,70158.40199
TBS,28,14-Aug-01,4,,0,370917,70122.97973
TBS,28,14-Aug-01,5,0.013888889,20,371073,69998.92761
TBS,28,16-Aug-01,6,,0,370459,70157.03742
TBS,28,16-Aug-01,9,0.0625,90,370444,70154.54565
TBS,28,18-Aug-01,19,,0,374317,69190.0717
TBS,28,18-Aug-01,22,0.020833333,30,370449,70155.41904
TBS,28,18-Aug-01,24,0.041666667,60,370996,70029.32262
TBS,28,18-Aug-01,28,0.055555556,80,371911,69585.29506
TBS,28,19-Aug-01,10,,0,372130,70515.64
TBS,28,19-Aug-01,11,0.020833333,30,372746,70472.59
