TRANS,DATE,TIME,X_Estimate,Y_Estimate
1,4-Dec-02,07:15:00 AM,371957.4160,68746.3281
1,4-Dec-02,07:45:00 AM,373257.0816,68308.8543
1,20-Dec-02,08:00:00 AM,371892.1013,70040.6707
1,20-Dec-02,08:30:00 AM,371597.9724,69275.3761
1,29-Dec-02,06:30:00 AM,371490.3057,69394.9521
1,29-Dec-02,07:30:00 AM,371386.0588,69512.8758
1,14-Jan-03,07:00:00 AM,371499.3608,69323.9927
1,16-Jan-03,06:15:00 AM,371296.5670,70028.5723
1,16-Jan-03,06:45:00 AM,371582.6421,69254.2757
1,20-Jan-03,08:00:00 AM,372135.7016,69832.8644
1,20-Jan-03,08:15:00 AM,371915.5797,69820.0230
1,22-Jan-03,06:30:00 AM,372612.2267,69699.8637
1,22-Jan-03,07:15:00 AM,371926.5045,69901.2491
1,22-Jan-03,08:00:00 AM,371564.8893,69547.8320
1,22-Jan-03,08:15:00 AM,371412.8897,69466.2050
1,22-Jan-03,08:45:00 AM,371653.8007,69163.1968
1,25-Jan-03,06:15:00 AM,371426.6025,69466.2578
1,25-Jan-03,06:30:00 AM,371716.3221,69246.5679
1,25-Jan-03,06:45:00 AM,371574.5075,69373.7141
1,25-Jan-03,07:45:00 AM,371670.1733,69491.8515
1,25-Jan-03,08:00:00 AM,373532.1249,67557.6933
1,25-Jan-03,08:30:00 AM,375150.8311,69332.7134
1,25-Jan-03,09:00:00 AM,371485.6246,69389.7532
1,25-Jan-03,09:15:00 AM,371436.9289,69415.3251
1,28-Jan-03,06:15:00 AM,371558.3304,69311.4181
1,28-Jan-03,06:30:00 AM,371551.5794,69302.7772
1,28-Jan-03,06:45:00 AM,371915.5797,69820.0230
1,28-Jan-03,07:00:00 AM,371775.2232,70026.5123
1,28-Jan-03,07:15:00 AM,371544.7187,69293.9959
1,28-Jan-03,07:30:00 AM,371548.1639,69298.4057
1,28-Jan-03,07:45:00 AM,371868.1019,70120.4185
1,30-Jan-03,06:15:00 AM,372497.8200,70513.9100
1,30-Jan-03,07:45:00 AM,371580.9698,69388.2284
1,30-Jan-03,08:00:00 AM,371376.5767,69813.2794
1,30-Jan-03,08:15:00 AM,371860.7479,69637.0555
1,3-Feb-03,06:15:00 AM,371490.3057,69394.9521
1,3-Feb-03,06:30:00 AM,371895.3995,69470.4870
1,3-Feb-03,07:00:00 AM,371440.6448,69419.1731
1,18-Feb-03,06:15:00 AM,372002.0701,69074.1479
1,18-Feb-03,07:15:00 AM,371568.2917,69324.1681
1,18-Feb-03,07:30:00 AM,371484.9275,69427.7158
1,18-Feb-03,07:45:00 AM,371492.8658,69411.7295
1,20-Feb-03,07:00:00 AM,372372.6339,70435.6851
1,24-Feb-03,06:30:00 AM,372651.4019,70375.6243
1,24-Feb-03,07:00:00 AM,372632.8711,70297.7831
1,24-Feb-03,07:30:00 AM,372302.9452,70159.0064
1,24-Feb-03,07:45:00 AM,372346.3269,70003.2669
1,24-Feb-03,08:15:00 AM,370900.4523,68538.4397
1,24-Feb-03,08:30:00 AM,372360.2986,70337.8906
1,24-Feb-03,08:45:00 AM,372374.9269,70341.2457
1,6-Mar-03,06:30:00 AM,372172.8354,70097.9487
1,7-Mar-03,06:30:00 AM,372869.5809,69814.7294
1,7-Mar-03,07:00:00 AM,372419.3440,69616.9250
1,7-Mar-03,07:15:00 AM,372332.4777,70294.4933
1,7-Mar-03,07:30:00 AM,372287.6429,70414.1398
1,7-Mar-03,07:45:00 AM,372333.6619,70223.3445
1,7-Mar-03,08:00:00 AM,372434.0817,70078.4468
1,7-Mar-03,08:45:00 AM,372760.0039,70409.1066
1,14-Mar-03,06:15:00 AM,372634.5998,70267.1527
3,4-Dec-02,07:15:00 AM,371458.5956,69437.7617
3,20-Dec-02,07:00:00 AM,371976.2951,69024.3505
3,20-Dec-02,08:00:00 AM,371331.9547,69919.8720
3,20-Dec-02,08:15:00 AM,371744.5440,69097.2038
3,29-Dec-02,06:30:00 AM,371418.8080,69471.9202
3,29-Dec-02,07:00:00 AM,372410.3368,68548.1434
3,29-Dec-02,07:15:00 AM,372535.5564,69793.8568
3,29-Dec-02,07:45:00 AM,373722.8812,69153.3417
3,14-Jan-03,06:15:00 AM,372567.1904,68527.4025
3,14-Jan-03,06:30:00 AM,374191.7458,67328.0988
3,14-Jan-03,07:00:00 AM,371710.5597,69150.3352
3,16-Jan-03,06:45:00 AM,371447.9223,69426.7091
3,16-Jan-03,07:00:00 AM,371380.6976,69508.0485
3,16-Jan-03,07:15:00 AM,372104.7428,69931.1492
3,16-Jan-03,07:30:00 AM,371074.5702,70051.4681
3,20-Jan-03,06:30:00 AM,371594.1885,69270.1680
3,20-Jan-03,06:45:00 AM,373769.2792,67658.1660
3,20-Jan-03,07:15:00 AM,371578.1074,69336.7316
3,20-Jan-03,07:45:00 AM,371896.0503,69796.7488
3,20-Jan-03,08:00:00 AM,371922.0051,69874.4028
3,20-Jan-03,08:15:00 AM,371524.1197,69951.7438
3,20-Jan-03,08:45:00 AM,371562.3279,69399.0339
3,22-Jan-03,06:30:00 AM,371548.3182,69382.3378
3,22-Jan-03,07:00:00 AM,371628.5819,69513.9660
3,22-Jan-03,07:30:00 AM,371004.6657,70085.7549
3,22-Jan-03,07:45:00 AM,371466.0735,69402.1774
3,22-Jan-03,08:00:00 AM,372000.8036,69829.8257
3,22-Jan-03,08:15:00 AM,371433.4982,69455.2073
3,22-Jan-03,08:30:00 AM,371460.3606,69439.5894
3,25-Jan-03,06:15:00 AM,371568.2917,69324.1681
3,25-Jan-03,06:45:00 AM,371435.6381,69374.8594
3,25-Jan-03,07:00:00 AM,370640.1300,70119.0458
3,25-Jan-03,07:45:00 AM,371500.1774,69366.2534
3,25-Jan-03,08:15:00 AM,372581.9524,70479.9183
3,25-Jan-03,08:45:00 AM,374278.6579,67671.2622
3,25-Jan-03,09:00:00 AM,371997.0955,69771.5554
3,25-Jan-03,09:15:00 AM,372034.4343,69999.2681
3,28-Jan-03,06:15:00 AM,371511.3487,69338.2793
3,28-Jan-03,06:30:00 AM,371502.4010,69327.6158
3,28-Jan-03,06:45:00 AM,371548.1639,69298.4057
3,28-Jan-03,07:00:00 AM,371551.5794,69302.7772
3,28-Jan-03,07:15:00 AM,372925.2309,68440.7032
3,28-Jan-03,07:45:00 AM,371478.5125,69381.8544
3,30-Jan-03,06:15:00 AM,371528.6564,69358.9058
3,30-Jan-03,06:30:00 AM,372497.8200,70513.9100
3,30-Jan-03,06:45:00 AM,373375.0865,67966.1430
3,30-Jan-03,07:00:00 AM,371448.8034,69908.2600
3,30-Jan-03,07:15:00 AM,371607.5402,69525.1541
3,30-Jan-03,07:45:00 AM,372083.4050,70053.6555
3,30-Jan-03,08:00:00 AM,371118.3738,69717.4864
3,30-Jan-03,08:15:00 AM,372278.5402,68948.0658
3,3-Feb-03,06:15:00 AM,371517.1916,69345.2426
3,3-Feb-03,06:30:00 AM,370848.2189,69977.9221
3,3-Feb-03,07:00:00 AM,371665.8645,69522.4241
3,3-Feb-03,07:15:00 AM,371641.0121,69562.3284
3,3-Feb-03,07:30:00 AM,371682.4071,69542.1387
3,18-Feb-03,06:15:00 AM,372225.7655,68578.1413
3,18-Feb-03,06:30:00 AM,372049.8760,68717.3046
3,18-Feb-03,07:15:00 AM,371416.5176,69505.5792
3,20-Feb-03,06:15:00 AM,372292.7195,70209.8360
3,20-Feb-03,06:45:00 AM,372050.6640,70568.8138
3,20-Feb-03,07:00:00 AM,372305.8116,70346.9997
3,20-Feb-03,07:15:00 AM,372384.1157,70395.6482
3,24-Feb-03,06:30:00 AM,372640.1245,70267.4314
3,24-Feb-03,06:45:00 AM,372652.5604,70102.0094
3,24-Feb-03,07:00:00 AM,372482.3128,70069.8425
3,24-Feb-03,07:15:00 AM,372516.4117,70189.9405
3,24-Feb-03,07:30:00 AM,372292.0332,70326.3696
3,24-Feb-03,07:45:00 AM,372316.2955,70312.3066
3,24-Feb-03,08:00:00 AM,372289.2028,70325.5870
3,24-Feb-03,08:15:00 AM,372192.1003,69817.6350
3,24-Feb-03,08:30:00 AM,372406.3022,70375.0976
3,24-Feb-03,08:45:00 AM,372369.9239,70381.4698
3,6-Mar-03,06:45:00 AM,372306.9474,70269.6042
3,6-Mar-03,07:00:00 AM,372286.2916,70360.2256
3,6-Mar-03,07:15:00 AM,372335.9588,70306.7371
3,6-Mar-03,07:30:00 AM,372353.3910,70242.2785
3,6-Mar-03,07:45:00 AM,372361.4492,70339.3633
3,6-Mar-03,08:00:00 AM,372365.4700,69884.2238
3,7-Mar-03,06:15:00 AM,372583.7544,70389.9234
3,7-Mar-03,06:30:00 AM,373092.3870,69347.0065
3,7-Mar-03,06:45:00 AM,372414.5549,69921.4478
3,7-Mar-03,07:15:00 AM,372182.6990,69325.4235
3,7-Mar-03,07:30:00 AM,372412.9968,70151.9554
3,7-Mar-03,07:45:00 AM,372434.0862,70168.4323
3,7-Mar-03,08:00:00 AM,372521.3234,70127.1272
3,7-Mar-03,08:15:00 AM,372541.9978,69836.0632
3,7-Mar-03,08:45:00 AM,372729.3701,70425.8900
3,14-Mar-03,06:15:00 AM,372542.1429,70430.5508
3,14-Mar-03,06:30:00 AM,372680.7164,70371.0157
3,14-Mar-03,06:45:00 AM,372733.9265,70459.4005
3,14-Mar-03,07:15:00 AM,371940.2982,70265.6853
3,14-Mar-03,07:30:00 AM,372350.6122,69923.4918
5,29-Dec-02,07:15:00 AM,372113.8774,68538.6967
5,29-Dec-02,07:30:00 AM,372033.9647,69941.0964
5,29-Dec-02,07:45:00 AM,371878.2576,69801.1850
5,16-Jan-03,07:00:00 AM,372726.0090,69718.1202
5,16-Jan-03,07:15:00 AM,372637.6079,69856.2599
5,20-Jan-03,07:45:00 AM,371429.3851,69482.1344
5,22-Jan-03,06:15:00 AM,371956.4199,69113.3404
5,22-Jan-03,06:30:00 AM,372337.0064,70308.0780
5,22-Jan-03,07:00:00 AM,371511.9184,69252.0135
5,22-Jan-03,07:15:00 AM,372013.8507,68980.9810
5,22-Jan-03,07:30:00 AM,372049.8760,68717.3046
5,22-Jan-03,07:45:00 AM,371438.7944,69417.2569
5,22-Jan-03,08:00:00 AM,371841.6943,69810.3013
5,22-Jan-03,08:15:00 AM,371607.5402,69525.1541
5,22-Jan-03,08:30:00 AM,371726.3953,69201.3631
5,22-Jan-03,08:45:00 AM,373012.6282,68163.1041
5,25-Jan-03,06:15:00 AM,371748.2965,69155.4600
5,25-Jan-03,06:30:00 AM,371875.8718,68479.6092
5,25-Jan-03,06:45:00 AM,372380.6947,70451.6333
5,25-Jan-03,07:45:00 AM,372891.2358,67714.6110
5,25-Jan-03,08:30:00 AM,372862.8423,70258.3186
5,25-Jan-03,08:45:00 AM,371865.3973,69576.3048
5,25-Jan-03,09:00:00 AM,372393.4151,70241.9259
5,25-Jan-03,09:15:00 AM,371511.3487,69338.2793
5,28-Jan-03,06:15:00 AM,371522.9557,69352.1120
5,28-Jan-03,07:00:00 AM,371514.2810,69341.7739
5,28-Jan-03,07:15:00 AM,374161.6328,69908.3317
5,28-Jan-03,07:30:00 AM,371517.1916,69345.2426
5,28-Jan-03,07:45:00 AM,372091.0857,69993.3138
5,30-Jan-03,06:15:00 AM,371519.5630,71860.3652
5,30-Jan-03,06:45:00 AM,372497.8200,70513.9100
5,30-Jan-03,07:00:00 AM,371565.0487,69362.0333
5,30-Jan-03,07:45:00 AM,370722.2781,70038.1550
5,30-Jan-03,08:15:00 AM,371126.9432,69874.6596
5,3-Feb-03,07:00:00 AM,371144.9528,69882.5846
5,3-Feb-03,07:15:00 AM,371895.3995,69470.4870
5,3-Feb-03,07:30:00 AM,371823.3740,69650.6585
5,18-Feb-03,06:15:00 AM,372833.0107,67784.0010
5,18-Feb-03,07:15:00 AM,372042.4213,68925.7461
5,18-Feb-03,07:30:00 AM,371511.9102,69371.0141
5,18-Feb-03,07:45:00 AM,371571.7891,69287.0663
5,20-Feb-03,06:15:00 AM,372309.9514,70224.6178
5,20-Feb-03,07:00:00 AM,371085.9568,68706.8075
5,24-Feb-03,06:15:00 AM,372593.5654,70436.4310
5,24-Feb-03,06:30:00 AM,372517.5729,70445.0235
5,24-Feb-03,06:45:00 AM,372482.7426,70298.2927
5,24-Feb-03,07:00:00 AM,372475.4146,70177.5430
5,24-Feb-03,07:15:00 AM,372600.1019,70044.9769
5,24-Feb-03,07:30:00 AM,372289.1694,70383.5307
5,24-Feb-03,07:45:00 AM,372304.0387,70212.1843
5,24-Feb-03,08:00:00 AM,372310.5846,70290.7715
5,24-Feb-03,08:30:00 AM,372573.8113,69973.2041
5,24-Feb-03,08:45:00 AM,372447.4226,70155.3141
7,28-Jan-03,07:00:00 AM,372616.0378,71355.0736
7,30-Jan-03,06:30:00 AM,372497.8200,70513.9100
7,30-Jan-03,06:45:00 AM,373134.7950,72474.3173
7,30-Jan-03,07:30:00 AM,372554.9222,68878.7170
7,30-Jan-03,08:15:00 AM,372037.2595,71458.1989
7,3-Feb-03,07:00:00 AM,371168.8667,70090.2429
7,3-Feb-03,07:30:00 AM,371374.0266,70016.3039
7,18-Feb-03,07:45:00 AM,372614.2245,70647.8181
7,20-Feb-03,07:45:00 AM,372593.3922,70661.0783
7,24-Feb-03,06:15:00 AM,373334.0476,71684.9255
7,24-Feb-03,06:30:00 AM,372901.2549,71078.5110
7,24-Feb-03,06:45:00 AM,372686.8378,70709.5404
7,24-Feb-03,07:00:00 AM,372844.7824,70848.9677
7,24-Feb-03,07:15:00 AM,372831.3603,70960.9904
7,24-Feb-03,07:30:00 AM,372696.8029,70984.1790
7,24-Feb-03,07:45:00 AM,372709.1274,71108.6851
7,24-Feb-03,08:00:00 AM,372802.2889,70546.6107
7,24-Feb-03,08:15:00 AM,372759.4817,71053.1040
7,24-Feb-03,08:30:00 AM,372824.4949,71242.7407
7,24-Feb-03,08:45:00 AM,372489.4895,70676.6457
7,6-Mar-03,06:15:00 AM,372949.9161,72510.7289
7,6-Mar-03,06:30:00 AM,372518.8827,70613.0022
7,6-Mar-03,06:45:00 AM,372849.2603,70890.8013
7,6-Mar-03,07:00:00 AM,372808.0910,71595.9536
7,6-Mar-03,07:15:00 AM,372597.5413,70725.7625
7,6-Mar-03,07:30:00 AM,372575.0362,70599.6673
7,6-Mar-03,07:45:00 AM,372640.8498,70642.9205
7,6-Mar-03,08:00:00 AM,372781.3937,70520.4502
7,7-Mar-03,06:15:00 AM,372659.6173,70774.6172
7,7-Mar-03,06:30:00 AM,373008.1306,70989.7823
7,7-Mar-03,06:45:00 AM,372740.1887,70748.6363
7,7-Mar-03,07:00:00 AM,372889.4431,71855.0388
7,7-Mar-03,07:15:00 AM,372496.6010,71048.9315
7,7-Mar-03,08:00:00 AM,372535.1706,70725.7355
7,7-Mar-03,08:45:00 AM,372483.0637,70607.0775
7,14-Mar-03,06:15:00 AM,372712.9345,70832.8304
7,14-Mar-03,06:30:00 AM,372649.4771,70715.1657
7,14-Mar-03,06:45:00 AM,372728.2071,70947.2052
7,14-Mar-03,07:15:00 AM,372721.6398,70800.3863
7,14-Mar-03,07:30:00 AM,372669.4995,70685.5895
7,16-Mar-03,06:45:00 AM,372484.4672,71278.8894
7,18-May-03,06:15:00 AM,372663.3127,70945.0333
7,18-May-03,06:30:00 AM,372651.0005,70893.0451
7,18-May-03,07:00:00 AM,372870.2082,70774.6590
7,18-May-03,07:15:00 AM,372892.5182,71037.6922
7,18-May-03,07:30:00 AM,372898.1209,70621.1703
7,18-May-03,07:45:00 AM,372695.0747,70605.8914
7,27-May-03,06:30:00 AM,372961.0068,70457.0378
7,27-May-03,07:00:00 AM,372968.5093,70675.9813
7,27-May-03,07:15:00 AM,372960.2663,70710.2068
7,27-May-03,07:30:00 AM,372712.7221,70799.0947
7,27-May-03,07:45:00 AM,372756.6517,70648.0606
7,27-May-03,08:00:00 AM,372925.9950,71042.6621
7,27-May-03,08:15:00 AM,372811.1865,70887.3657
7,27-May-03,08:30:00 AM,372784.3398,70789.6095
7,27-May-03,08:45:00 AM,372737.7437,70740.5348
7,29-May-03,06:45:00 AM,372786.3671,70491.6999
7,29-May-03,07:00:00 AM,372732.9790,70893.0503
7,29-May-03,07:15:00 AM,372764.5730,70481.0144
7,29-May-03,07:45:00 AM,372574.1496,70690.9467
7,29-May-03,08:00:00 AM,372609.2552,71573.4902
7,29-May-03,08:15:00 AM,372691.4736,70805.1815
7,2-Jun-03,06:15:00 AM,372538.3975,70844.3875
7,2-Jun-03,06:30:00 AM,372506.9355,70588.1495
7,2-Jun-03,06:45:00 AM,372617.4091,71129.1427
7,2-Jun-03,07:30:00 AM,373055.4008,72133.2422
7,2-Jun-03,07:45:00 AM,372862.9318,71055.2105
7,2-Jun-03,08:00:00 AM,372761.5954,71201.0684
7,2-Jun-03,08:15:00 AM,372652.2792,70989.2865
7,2-Jun-03,08:30:00 AM,372520.5651,70947.9119
7,2-Jun-03,08:45:00 AM,372607.2781,70784.8284
7,2-Jun-03,09:00:00 AM,372497.8200,71456.9179
7,2-Jun-03,09:15:00 AM,372686.0506,71170.3480
7,6-Jun-03,06:15:00 AM,372655.1797,70809.8606
7,6-Jun-03,06:30:00 AM,372504.0317,70691.7899
7,6-Jun-03,06:45:00 AM,372588.7658,70763.7814
7,6-Jun-03,07:30:00 AM,372458.4689,70684.3584
7,6-Jun-03,07:45:00 AM,372561.6975,70575.5958
7,12-Jun-03,06:15:00 AM,372604.1207,70698.0282
7,12-Jun-03,06:30:00 AM,372613.3083,70713.9416
7,12-Jun-03,06:45:00 AM,372600.5444,70684.8722
7,12-Jun-03,07:00:00 AM,372607.7325,70712.1975
7,12-Jun-03,07:15:00 AM,372616.4783,70719.4321
7,12-Jun-03,07:30:00 AM,372607.1327,70703.2452
10,5-Apr-04,06:15:00 AM,372580.8365,70489.0200
10,9-Apr-04,06:15:00 AM,372630.5539,70671.2217
10,11-Apr-04,06:15:00 AM,372903.5888,69999.7537
10,20-Apr-04,06:15:00 AM,372611.8053,71038.6682
10,23-Apr-04,06:15:00 AM,372956.8258,70113.6006
10,26-Apr-04,06:15:00 AM,372406.2882,69922.2491
10,28-Apr-04,06:15:00 AM,372440.7964,70687.6876
13,18-Apr-03,06:30:00 AM,372036.2100,71110.5900
13,18-Apr-03,07:00:00 AM,372496.3281,70428.4369
13,18-Apr-03,07:30:00 AM,372457.2192,70351.0692
13,20-Apr-03,06:15:00 AM,372455.6976,70670.3120
13,20-Apr-03,06:30:00 AM,372613.3188,70645.2967
13,20-Apr-03,06:45:00 AM,372553.9914,70767.0700
13,20-Apr-03,07:00:00 AM,372588.0000,70527.5445
13,20-Apr-03,07:15:00 AM,372487.1968,70600.4702
13,20-Apr-03,07:30:00 AM,372492.6551,70773.3824
13,20-Apr-03,07:45:00 AM,372432.8809,70807.3868
13,20-Apr-03,08:00:00 AM,372398.1283,70978.7317
13,20-Apr-03,08:15:00 AM,372369.7066,71044.5639
13,23-Apr-03,06:30:00 AM,372497.8200,70894.8868
13,5-May-03,07:00:00 AM,372577.6387,70061.2358
13,5-May-03,07:15:00 AM,372674.0990,70077.7583
13,5-May-03,07:30:00 AM,373614.8729,67269.7528
13,5-May-03,08:15:00 AM,373145.1949,68521.4949
13,8-May-03,06:15:00 AM,372487.7092,70456.5686
13,8-May-03,06:30:00 AM,372404.9896,70141.5876
13,8-May-03,06:45:00 AM,372246.4135,70154.8643
13,8-May-03,07:00:00 AM,372304.4174,70005.1947
13,8-May-03,07:15:00 AM,372320.4639,70026.6281
13,8-May-03,07:30:00 AM,372486.0618,69840.2804
13,8-May-03,07:45:00 AM,372401.8577,70129.0263
13,8-May-03,08:00:00 AM,372518.3036,69927.3361
13,8-May-03,08:15:00 AM,372611.7075,69212.1704
13,9-May-03,06:15:00 AM,372382.8101,69787.7658
13,15-May-03,06:30:00 AM,372482.5566,69975.3421
13,15-May-03,06:45:00 AM,372421.2424,70092.3973
13,15-May-03,07:00:00 AM,372512.4392,69940.0354
13,15-May-03,07:15:00 AM,372557.8491,69833.4131
13,15-May-03,07:30:00 AM,372273.8171,68382.6652
13,15-May-03,07:45:00 AM,372509.7537,70172.1726
13,15-May-03,08:00:00 AM,372589.8747,69197.4671
13,15-May-03,08:15:00 AM,372553.6971,70082.3767
13,15-May-03,08:30:00 AM,372584.4833,70106.1910
13,15-May-03,08:45:00 AM,372781.1363,70111.7645
13,15-May-03,09:00:00 AM,372658.2127,70013.2021
13,15-May-03,09:15:00 AM,372467.1355,69791.2088
13,15-May-03,09:30:00 AM,372494.6805,69930.7200
13,15-May-03,09:45:00 AM,372521.5850,70045.6025
13,15-May-03,10:00:00 AM,372470.5097,69731.8451
13,15-May-03,10:15:00 AM,372443.6235,69738.8635
13,15-May-03,10:30:00 AM,372059.0706,69776.0305
13,15-May-03,10:45:00 AM,372101.0553,69872.5773
13,15-May-03,11:00:00 AM,370953.1587,68673.0544
13,15-May-03,11:15:00 AM,372535.5820,69432.5468
13,15-May-03,11:30:00 AM,372515.7922,69911.8088
13,15-May-03,11:45:00 AM,372292.7511,69219.1560
13,15-May-03,12:00:00 PM,372550.0969,69795.2997
13,15-May-03,12:15:00 PM,372479.3794,69342.7826
13,15-May-03,12:30:00 PM,372335.6487,69594.1910
13,16-May-03,06:15:00 AM,372863.8550,69648.2855
13,16-May-03,06:30:00 AM,372825.2926,69498.9662
13,16-May-03,06:45:00 AM,372752.7794,69941.2618
13,16-May-03,07:00:00 AM,372748.0898,69786.3715
13,16-May-03,07:15:00 AM,372714.2848,69941.0591
13,16-May-03,07:30:00 AM,372833.5179,69794.0035
13,16-May-03,07:45:00 AM,372973.6867,68088.2202
13,16-May-03,08:00:00 AM,372675.0071,69964.7018
13,18-May-03,06:15:00 AM,372278.6832,69696.0804
13,18-May-03,06:30:00 AM,372619.1901,70027.1209
13,18-May-03,06:45:00 AM,372545.7162,69599.9960
13,18-May-03,07:00:00 AM,372683.4102,69906.8719
13,18-May-03,07:15:00 AM,372698.1061,70084.3951
13,18-May-03,07:30:00 AM,372725.9616,70242.0215
13,18-May-03,07:45:00 AM,372680.2366,70012.7246
17,20-Apr-03,07:00:00 AM,372109.4557,71984.6531
17,20-Apr-03,07:45:00 AM,372182.0821,72271.0404
17,20-Apr-03,08:00:00 AM,372227.2457,71339.6035
17,20-Apr-03,08:15:00 AM,372502.5559,71241.2341
17,23-Apr-03,06:15:00 AM,372004.9253,70294.4591
17,23-Apr-03,06:30:00 AM,372044.7423,70273.0043
17,5-May-03,06:15:00 AM,372463.0714,70502.6195
17,5-May-03,06:45:00 AM,372469.0905,70501.1188
17,5-May-03,07:00:00 AM,372462.5872,70496.7258
17,5-May-03,07:15:00 AM,372470.7472,70500.7057
19,18-Apr-03,06:45:00 AM,372456.4724,70120.5138
19,20-Apr-03,06:15:00 AM,372574.8200,70777.6627
19,20-Apr-03,06:30:00 AM,372575.2445,70790.5213
19,20-Apr-03,06:45:00 AM,372617.7616,70587.9043
19,20-Apr-03,07:00:00 AM,372497.8209,70510.2758
19,20-Apr-03,07:15:00 AM,372465.0929,70777.5209
19,20-Apr-03,07:30:00 AM,372496.4897,70725.2679
19,20-Apr-03,07:45:00 AM,372397.4905,70928.7497
19,20-Apr-03,08:00:00 AM,372501.5964,70970.4968
19,23-Apr-03,06:15:00 AM,372567.4545,70148.3473
19,5-May-03,06:45:00 AM,372554.9581,70153.1541
19,5-May-03,07:00:00 AM,372644.4688,70002.4849
19,5-May-03,07:15:00 AM,372977.4829,69715.6168
19,5-May-03,08:15:00 AM,373381.8676,67793.0914
19,8-May-03,06:15:00 AM,372452.1536,70005.5834
19,8-May-03,06:30:00 AM,372370.5497,70198.9051
19,8-May-03,06:45:00 AM,372327.4625,70270.6143
19,8-May-03,07:00:00 AM,372513.1088,69850.2176
19,8-May-03,07:15:00 AM,372426.7498,70219.5646
19,8-May-03,07:30:00 AM,372475.5139,69235.9930
19,8-May-03,08:00:00 AM,372555.3090,69691.7792
19,9-May-03,06:15:00 AM,372473.6264,70237.3756
19,9-May-03,06:30:00 AM,372547.0068,70203.3571
19,15-May-03,06:15:00 AM,372547.5956,69746.7550
19,15-May-03,06:30:00 AM,372517.3521,69954.5850
19,15-May-03,06:45:00 AM,372366.1315,67255.3429
19,15-May-03,07:00:00 AM,372176.2270,68850.5596
19,15-May-03,07:15:00 AM,372538.7509,69597.1150
19,15-May-03,07:30:00 AM,372579.8127,70044.6668
19,15-May-03,07:45:00 AM,372592.0847,70105.6047
19,15-May-03,08:00:00 AM,372580.5457,69879.8769
19,15-May-03,08:15:00 AM,372559.9889,70032.7033
19,15-May-03,08:30:00 AM,372788.0000,69350.0616
19,15-May-03,08:45:00 AM,372708.1941,69720.0709
19,15-May-03,09:00:00 AM,372513.5905,69930.9289
19,15-May-03,09:15:00 AM,372536.6451,69852.8784
19,15-May-03,09:30:00 AM,372543.6421,69967.5228
19,15-May-03,09:45:00 AM,372252.7164,68972.6557
19,15-May-03,10:00:00 AM,372601.8014,70132.3343
19,15-May-03,10:15:00 AM,372289.4365,70078.4969
19,15-May-03,10:30:00 AM,372083.6483,69822.8510
19,15-May-03,10:45:00 AM,372156.2891,69864.7154
19,15-May-03,11:00:00 AM,372290.2918,70108.3982
19,15-May-03,11:15:00 AM,372498.8025,70506.9192
19,15-May-03,11:30:00 AM,372500.4874,69794.2533
19,15-May-03,11:45:00 AM,372481.0562,69553.5104
19,15-May-03,12:00:00 PM,372551.3841,69634.3162
19,15-May-03,12:15:00 PM,372386.8372,69532.9245
19,15-May-03,12:30:00 PM,372423.8126,69661.5608
19,16-May-03,06:15:00 AM,372784.4689,69878.2839
19,16-May-03,06:30:00 AM,372867.1397,69555.7572
19,16-May-03,07:00:00 AM,372798.5876,69838.3748
19,16-May-03,07:15:00 AM,372743.1397,69889.0201
19,16-May-03,07:30:00 AM,372863.0792,69730.6091
19,16-May-03,07:45:00 AM,372886.7851,69136.8489
19,16-May-03,08:00:00 AM,372579.2565,69956.8873
19,18-May-03,06:30:00 AM,372497.8200,68380.2020
19,18-May-03,06:45:00 AM,372612.8731,69198.8472
19,18-May-03,07:00:00 AM,372678.3687,70143.7304
19,18-May-03,07:15:00 AM,372674.8782,70096.7870
19,18-May-03,07:30:00 AM,372743.4145,69935.3256
19,18-May-03,07:45:00 AM,372710.9749,69958.6225
20,29-Mar-04,06:15:00 AM,344141.6893,74968.1301
20,29-Mar-04,06:30:00 AM,344134.9748,75182.5612
20,29-Mar-04,06:45:00 AM,344076.8048,75016.2638
20,29-Mar-04,07:00:00 AM,344117.1370,75220.8485
20,9-May-04,06:15:00 AM,344244.9673,75212.8113
20,9-May-04,06:30:00 AM,344236.3115,75333.9912
20,9-May-04,06:45:00 AM,344110.2759,75486.8490
20,9-May-04,07:15:00 AM,344271.2675,75607.5069
20,9-May-04,07:30:00 AM,344568.3552,75998.4951
20,9-May-04,08:00:00 AM,344126.8232,75746.8609
20,9-May-04,08:15:00 AM,344143.3569,75435.4149
20,9-May-04,08:30:00 AM,344074.1735,75495.2350
20,9-May-04,08:45:00 AM,344055.5722,75582.4136
20,9-May-04,09:00:00 AM,344084.3702,75525.1471
20,12-May-04,06:30:00 AM,344074.8662,75500.7541
20,12-May-04,06:45:00 AM,344050.5741,75465.5520
20,12-May-04,07:00:00 AM,344149.6174,75512.9394
20,14-May-04,06:15:00 AM,344231.3959,75869.4340
20,14-May-04,06:30:00 AM,343785.6932,76031.4793
20,14-May-04,06:45:00 AM,343907.5677,75844.4903
20,14-May-04,07:00:00 AM,344027.1753,75489.4358
20,14-May-04,07:15:00 AM,344026.6946,75439.4523
20,14-May-04,07:30:00 AM,344004.6544,75569.2112
20,14-May-04,07:45:00 AM,343999.1204,75481.4932
20,14-May-04,08:00:00 AM,344028.0843,75446.1701
20,14-May-04,08:15:00 AM,343943.7844,75517.6368
22,5-Apr-04,07:45:00 AM,372404.2143,70240.8775
22,5-Apr-04,08:00:00 AM,372582.3722,70120.0912
22,9-Apr-04,06:15:00 AM,372786.9737,70551.2381
22,9-Apr-04,06:30:00 AM,372744.7080,70482.1692
22,9-Apr-04,06:45:00 AM,372743.0321,70626.3670
22,9-Apr-04,07:00:00 AM,372687.7727,70489.5641
22,9-Apr-04,07:15:00 AM,372614.5110,70630.9841
22,9-Apr-04,07:30:00 AM,372601.6848,70637.8750
22,9-Apr-04,08:00:00 AM,372695.3430,70522.6420
22,11-Apr-04,06:30:00 AM,372685.5671,70533.9835
22,11-Apr-04,06:45:00 AM,372807.7755,71011.2348
22,11-Apr-04,07:00:00 AM,372682.8590,70553.8167
22,11-Apr-04,07:15:00 AM,372547.1399,70557.2549
22,11-Apr-04,07:30:00 AM,372781.6713,70467.0108
22,11-Apr-04,07:45:00 AM,372726.3943,70523.7917
22,11-Apr-04,08:15:00 AM,374233.5689,71615.5386
22,11-Apr-04,08:45:00 AM,373102.0563,70910.5476
22,20-Apr-04,06:15:00 AM,372412.4769,70738.3308
22,20-Apr-04,06:45:00 AM,372492.2429,71257.5260
22,20-Apr-04,07:00:00 AM,372472.5614,70728.9622
22,20-Apr-04,07:15:00 AM,372485.8574,70746.6904
22,20-Apr-04,07:45:00 AM,372777.0164,70511.7189
22,20-Apr-04,08:15:00 AM,372818.1602,70876.2505
22,23-Apr-04,06:15:00 AM,372694.6491,70884.1214
22,23-Apr-04,06:30:00 AM,372627.3824,70747.0177
22,23-Apr-04,06:45:00 AM,372770.6023,70526.7899
22,26-Apr-04,06:15:00 AM,372584.0000,70863.2020
22,28-Apr-04,06:15:00 AM,374420.1978,70580.7869
22,28-Apr-04,06:30:00 AM,373004.5225,70263.2560
22,28-Apr-04,06:45:00 AM,373231.6878,69916.1735
22,28-Apr-04,07:00:00 AM,373133.5922,68948.0157
22,28-Apr-04,07:45:00 AM,372041.4939,70761.8130
22,28-Apr-04,08:00:00 AM,371183.2883,71527.3317
22,28-Apr-04,08:15:00 AM,370699.4588,70965.6718
22,1-May-04,07:15:00 AM,372890.0506,70164.5583
22,1-May-04,07:30:00 AM,372431.0967,70328.9751
22,1-May-04,08:00:00 AM,372718.0650,70512.4754
22,1-May-04,08:15:00 AM,375199.9961,70355.4900
22,1-May-04,08:45:00 AM,372866.7338,70518.3605
22,1-May-04,09:00:00 AM,372788.6357,70445.4366
22,1-May-04,09:30:00 AM,372850.2843,70313.0742
22,1-May-04,10:00:00 AM,372920.5871,70568.5795
22,4-May-04,06:15:00 AM,372518.5182,69429.7314
22,4-May-04,06:30:00 AM,372397.5431,69297.0559
22,4-May-04,07:00:00 AM,372579.1563,69926.6459
22,4-May-04,07:30:00 AM,372835.9166,69608.0732
22,4-May-04,07:45:00 AM,372915.3486,69399.9638
22,4-May-04,08:00:00 AM,372980.2526,69313.5192
22,4-May-04,08:15:00 AM,373332.0092,69540.4381
22,4-May-04,08:30:00 AM,372935.0811,69889.8128
22,6-May-04,07:00:00 AM,373288.3367,69944.6033
22,6-May-04,08:00:00 AM,373834.3814,69434.9284
22,6-May-04,09:15:00 AM,372876.6858,70106.1534
24,10-Jan-05,06:30:00 AM,371277.9700,69570.8590
24,12-Jan-05,06:15:00 AM,372289.8762,69318.5624
24,12-Jan-05,06:45:00 AM,372217.5221,69475.0061
24,22-Jan-05,07:00:00 AM,371380.2359,69968.5142
24,22-Jan-05,07:15:00 AM,371336.6939,69857.1331
24,24-Jan-05,06:15:00 AM,371276.8930,70073.8192
24,24-Jan-05,06:45:00 AM,371502.9948,69437.0406
24,24-Jan-05,07:00:00 AM,371163.8778,70217.4548
24,24-Jan-05,07:15:00 AM,371115.9200,70460.0102
24,24-Jan-05,07:30:00 AM,371328.9124,69790.5667
24,24-Jan-05,07:45:00 AM,371291.3833,69850.3479
24,24-Jan-05,08:00:00 AM,371251.0713,69799.4587
24,24-Jan-05,08:15:00 AM,371197.5991,70003.0148
24,24-Jan-05,08:30:00 AM,371254.0851,70025.6178
29,2-Feb-04,06:15:00 AM,344154.5100,76189.6707
29,2-Feb-04,06:45:00 AM,344182.0341,76099.2129
29,2-Feb-04,07:00:00 AM,344131.8173,75921.5065
29,2-Feb-04,07:15:00 AM,344293.8279,75928.5553
29,2-Feb-04,07:30:00 AM,344117.9970,76227.7596
29,2-Feb-04,07:45:00 AM,344334.5199,76294.3858
29,2-Feb-04,08:00:00 AM,344189.9054,75887.6936
29,2-Feb-04,08:15:00 AM,344150.3400,75787.5735
29,2-Feb-04,08:30:00 AM,344228.0565,76084.8708
29,2-Feb-04,09:30:00 AM,344268.2460,76181.2373
29,2-Feb-04,09:45:00 AM,345538.4778,77922.0516
29,2-Feb-04,10:00:00 AM,344762.4022,77693.9258
29,3-Feb-04,06:15:00 AM,344030.6075,75638.7064
29,3-Feb-04,06:30:00 AM,344040.8940,75585.4375
29,3-Feb-04,06:45:00 AM,343946.7372,75472.6014
29,3-Feb-04,07:00:00 AM,344029.1359,75449.4260
29,3-Feb-04,07:15:00 AM,344086.7676,75543.2673
29,3-Feb-04,07:30:00 AM,344072.0081,75509.4039
29,3-Feb-04,07:45:00 AM,344135.8967,75312.3012
29,3-Feb-04,08:45:00 AM,344267.4106,75413.7331
29,3-Feb-04,09:00:00 AM,344278.1658,75686.2484
29,4-Feb-04,06:15:00 AM,344232.3597,76118.7006
29,4-Feb-04,06:30:00 AM,344258.9837,75765.5308
29,4-Feb-04,06:45:00 AM,345384.5386,77848.9542
29,5-Feb-04,06:15:00 AM,344229.7087,75441.3277
29,5-Feb-04,06:30:00 AM,344362.3598,75549.0318
29,5-Feb-04,06:45:00 AM,344261.3036,75518.4574
29,5-Feb-04,07:00:00 AM,344347.5457,75577.7505
29,5-Feb-04,07:15:00 AM,344217.8303,75391.8722
29,5-Feb-04,07:30:00 AM,344020.1917,75233.7898
29,5-Feb-04,07:45:00 AM,344005.5171,75537.8752
29,5-Feb-04,08:00:00 AM,343976.5347,75435.6830
29,5-Feb-04,08:15:00 AM,344224.6701,75421.0675
29,5-Mar-04,06:15:00 AM,344111.6103,75587.5323
29,5-Mar-04,06:30:00 AM,344116.0307,75578.8569
29,5-Mar-04,06:45:00 AM,344113.4909,75592.6993
29,6-Mar-04,06:15:00 AM,344164.1679,75460.2204
29,6-Mar-04,06:30:00 AM,344182.9397,75447.5405
30,2-Feb-04,06:15:00 AM,344250.7657,76064.8313
30,2-Feb-04,06:45:00 AM,344133.1682,75815.3939
30,2-Feb-04,07:00:00 AM,344059.0968,75877.7300
30,2-Feb-04,07:15:00 AM,344066.1533,75904.0524
30,2-Feb-04,07:30:00 AM,344092.3921,75908.7784
30,2-Feb-04,07:45:00 AM,344276.3293,76150.1068
30,2-Feb-04,08:15:00 AM,344094.7189,76044.6920
30,2-Feb-04,08:30:00 AM,344212.4326,76094.9857
30,2-Feb-04,09:15:00 AM,344319.7980,75788.5054
30,2-Feb-04,09:45:00 AM,344124.2557,75952.0016
30,3-Feb-04,06:15:00 AM,344076.2931,75497.6331
30,3-Feb-04,06:30:00 AM,343918.0788,75567.4559
30,3-Feb-04,07:00:00 AM,344079.2463,75515.3226
30,3-Feb-04,07:15:00 AM,344075.0325,75487.6956
30,3-Feb-04,07:30:00 AM,344055.9070,75437.1300
30,3-Feb-04,07:45:00 AM,344268.8503,75207.8281
30,3-Feb-04,08:30:00 AM,344220.4522,75371.5774
30,3-Feb-04,08:45:00 AM,344232.5109,75398.6857
30,3-Feb-04,09:00:00 AM,344161.8960,75562.9144
30,4-Feb-04,06:15:00 AM,344000.2961,75867.3973
30,4-Feb-04,06:30:00 AM,344305.5094,75800.0610
30,4-Feb-04,06:45:00 AM,344570.4071,76458.8529
30,5-Feb-04,06:15:00 AM,344224.3999,75416.0687
30,5-Feb-04,06:30:00 AM,344332.1990,75586.8392
30,5-Feb-04,06:45:00 AM,344320.5744,75566.4315
30,5-Feb-04,07:00:00 AM,344240.6971,75466.1673
30,5-Feb-04,07:15:00 AM,344181.1377,75456.3194
30,5-Feb-04,07:30:00 AM,344161.1437,75340.8288
30,5-Feb-04,07:45:00 AM,343935.9632,75385.9894
30,5-Feb-04,08:00:00 AM,344263.6356,75507.5763
30,5-Feb-04,08:15:00 AM,344260.4412,75500.7822
30,5-Mar-04,06:15:00 AM,344278.9244,73540.7271
30,5-Mar-04,06:30:00 AM,344014.9427,75147.7768
30,6-Mar-04,06:15:00 AM,344011.6017,75157.3379
30,6-Mar-04,07:15:00 AM,343902.1259,75451.9972
30,6-Mar-04,07:45:00 AM,343934.5100,75385.6000
30,6-Mar-04,08:00:00 AM,343930.3121,75425.5400
30,6-Mar-04,08:30:00 AM,343973.2463,75498.0984
30,6-Mar-04,08:45:00 AM,343988.1050,75505.9764
30,8-Mar-04,06:15:00 AM,343989.1240,76080.9909
30,8-Mar-04,06:45:00 AM,344121.2315,76170.6732
30,8-Mar-04,07:00:00 AM,343972.4255,76041.4507
30,8-Mar-04,07:15:00 AM,344067.4762,76433.6251
30,8-Mar-04,07:30:00 AM,343971.9613,76156.9520
30,8-Mar-04,07:45:00 AM,343958.8141,76104.8240
30,8-Mar-04,08:00:00 AM,344022.7497,76153.6305
30,8-Mar-04,08:15:00 AM,343988.2761,76023.0114
30,9-Mar-04,06:15:00 AM,343996.7550,74924.7679
30,9-Mar-04,06:30:00 AM,343470.8997,74902.7003
30,9-Mar-04,06:45:00 AM,344036.7539,74945.6630
30,9-Mar-04,07:00:00 AM,344155.9172,74476.5514
30,9-Mar-04,07:15:00 AM,344184.7885,75174.1915
30,9-Mar-04,07:30:00 AM,344136.6610,75296.0565
30,9-Mar-04,07:45:00 AM,344187.2223,75299.4095
30,9-Mar-04,08:00:00 AM,344131.8239,75321.0063
30,9-Mar-04,08:15:00 AM,344061.0238,75332.7539
21,17-Mar-04,06:30:00 AM,372679.4145,69942.7590
21,18-Mar-04,06:30:00 AM,372732.1318,70319.4579
21,20-Mar-04,06:15:00 AM,372166.7557,71606.5743
21,22-Mar-04,06:15:00 AM,372922.5966,71021.3414
21,23-Mar-04,06:15:00 AM,372843.7013,70720.9790
21,24-Mar-04,06:30:00 AM,372505.7706,71133.8494
21,30-Mar-04,07:00:00 AM,372238.2646,71623.9113
21,1-Apr-04,06:15:00 AM,372917.3646,71148.4802
21,5-Apr-04,06:15:00 AM,372946.0374,71064.2501
21,7-Apr-04,06:15:00 AM,372961.1482,70865.9155
21,9-Apr-04,06:15:00 AM,372757.2276,70820.9885
21,17-Apr-04,06:15:00 AM,372926.4645,71032.0171
21,18-Apr-04,06:15:00 AM,373083.5027,70896.6296
21,30-Apr-04,06:15:00 AM,373201.4795,70750.6057
9,24-Dec-03,06:45:00 AM,372497.8200,70513.9100
9,31-Dec-03,07:45:00 AM,372456.6433,70189.8341
9,4-Jan-04,06:15:00 AM,372470.5280,70519.2181
9,14-Jan-04,06:15:00 AM,372457.2447,70406.0448
9,16-Jan-04,06:15:00 AM,372409.5496,70260.9753
9,26-Jan-04,06:15:00 AM,372389.7323,70314.7062
9,29-Jan-04,06:15:00 AM,373185.7977,70954.0605
9,30-Jan-04,06:15:00 AM,372520.0584,70181.6902
84,6-Jul-01,2:40:00 PM,372459,69575.71
84,6-Jul-01,3:40:00 PM,372333,69611.99
84,6-Jul-01,4:10:00 PM,371774,69772.17
84,10-Jul-01,8:10:00 AM,372638,69691.37
84,10-Jul-01,8:40:00 AM,371921,69729.98
84,10-Jul-01,9:10:00 AM,370746,70080.3
84,10-Jul-01,11:10:00 AM,374114,69579.28
84,12-Jul-01,8:10:00 AM,371330,69789.35
84,12-Jul-01,8:40:00 AM,372770,69207.4
84,12-Jul-01,9:10:00 AM,372770,69207.4
84,12-Jul-01,9:40:00 AM,372799,68778.53
84,12-Jul-01,10:10:00 AM,373729,68682.67
84,12-Jul-01,11:10:00 AM,372644,69069.65
84,12-Jul-01,11:40:00 AM,372109,69403.61
84,12-Jul-01,12:40:00 PM,372552,69382.34
84,14-Jul-01,7:10:00 AM,372388,69520.05
84,14-Jul-01,7:40:00 AM,370885,70054.8
84,14-Jul-01,8:10:00 AM,373218,69516.11
84,14-Jul-01,8:40:00 AM,373211,68540.27
84,14-Jul-01,9:10:00 AM,371941,69478.62
84,14-Jul-01,9:40:00 AM,372800,69568.21
84,14-Jul-01,11:10:00 AM,372384,69745.28
84,21-Jul-01,2:10:00 PM,372354,69962.65
84,21-Jul-01,3:10:00 PM,372360,69892.28
84,21-Jul-01,4:10:00 PM,372382,69817.91
84,23-Jul-01,3:10:00 PM,372798,69916.05
84,23-Jul-01,3:40:00 PM,372939,69901.24
84,23-Jul-01,4:10:00 PM,374667,69259.99
84,23-Jul-01,5:10:00 PM,373562,69552.57
84,25-Jul-01,2:50:00 PM,372272,69971.27
84,25-Jul-01,3:10:00 PM,372154,70014.75
84,25-Jul-01,3:40:00 PM,372510,70169.12
84,25-Jul-01,5:10:00 PM,372027,69850.95
84,25-Jul-01,5:40:00 PM,372007,69795.86
84,25-Jul-01,6:00:00 PM,371860,69883.38
84,30-Jul-01,7:10:00 AM,372376,69783.03
84,30-Jul-01,7:40:00 AM,372660,69727.93
84,30-Jul-01,8:10:00 AM,372515,69870.49
84,30-Jul-01,8:40:00 AM,372459,69878.36
84,30-Jul-01,9:10:00 AM,373064,69600.75
84,30-Jul-01,9:40:00 AM,372820,69563.19
84,30-Jul-01,10:10:00 AM,372522,69677.01
84,30-Jul-01,11:10:00 AM,371819,69865.39
84,1-Aug-01,3:10:00 PM,372822,69283.82
84,1-Aug-01,3:40:00 PM,372784,69344.72
84,1-Aug-01,4:40:00 PM,372727,69409.67
84,2-Aug-01,8:40:00 AM,372492,69644.96
84,2-Aug-01,9:10:00 AM,372894,69727.63
84,2-Aug-01,9:40:00 AM,372117,69673.78
84,2-Aug-01,10:10:00 AM,371923,69671.13
84,2-Aug-01,10:40:00 AM,372432,69659.88
84,2-Aug-01,11:10:00 AM,373050,69747.79
84,4-Aug-01,3:10:00 PM,371385,69975.67
84,4-Aug-01,3:40:00 PM,370940,70011.34
84,4-Aug-01,4:10:00 PM,370965,69959.79
84,4-Aug-01,4:35:00 PM,370924,70005.96
84,5-Aug-01,10:10:00 AM,372459,69575.71
84,5-Aug-01,10:40:00 AM,371779,69873.79
84,5-Aug-01,11:10:00 AM,371376,69995.22
84,5-Aug-01,12:10:00 PM,372991,69616.3
84,5-Aug-01,1:40:00 PM,373154,69271.03
84,5-Aug-01,2:10:00 PM,372543,69789.48
84,5-Aug-01,2:40:00 PM,372492,69722.27
84,5-Aug-01,3:10:00 PM,372234,69843.9
84,5-Aug-01,4:10:00 PM,372261,69805.34
84,7-Aug-01,4:40:00 PM,373049,68985.1
84,7-Aug-01,5:10:00 PM,373124,68951.82
84,9-Aug-01,10:40:00 AM,373151,69164.01
84,9-Aug-01,12:10:00 PM,371714,69789.56
84,9-Aug-01,12:40:00 PM,372380,69444.91
84,9-Aug-01,1:40:00 PM,372431,69344.54
84,9-Aug-01,2:10:00 PM,372685,69681.32
84,9-Aug-01,3:10:00 PM,372913,69724.23
84,9-Aug-01,3:40:00 PM,373225,69137.19
84,9-Aug-01,4:10:00 PM,373206,69873.16
84,9-Aug-01,4:40:00 PM,373000,69518.26
84,9-Aug-01,5:10:00 PM,373137,69484.28
84,10-Aug-01,2:50:00 PM,372219,70001.87
84,10-Aug-01,3:10:00 PM,372464,70437.87
84,11-Aug-01,9:10:00 AM,370449,70155.41
84,11-Aug-01,9:40:00 AM,373117,69589.48
84,14-Aug-01,7:50:00 AM,372543,69789.48
84,14-Aug-01,8:10:00 AM,372841,69911.5
84,14-Aug-01,8:40:00 AM,372449,69693.71
84,14-Aug-01,10:40:00 AM,372492,69683.77
84,14-Aug-01,11:10:00 AM,372480,69800.63
84,18-Aug-01,2:40:00 PM,371911,69585.29
84,18-Aug-01,3:10:00 PM,372053,69754.52
84,18-Aug-01,5:10:00 PM,372614,69359.74
84,19-Aug-01,8:40:00 AM,372646,70344.9
84,19-Aug-01,9:40:00 AM,372492,70517.4
84,21-Aug-01,6:15:00 AM,372183,69852.92
84,21-Aug-01,8:10:00 AM,372623,69775.41
84,21-Aug-01,8:40:00 AM,372868,69864.86
84,21-Aug-01,9:10:00 AM,372896,69816.97
84,21-Aug-01,9:40:00 AM,372841,69911.5
84,21-Aug-01,10:10:00 AM,373561,69947.38
84,21-Aug-01,11:10:00 AM,370852,70136.84
84,21-Aug-01,11:40:00 AM,372300,70102.43
84,21-Aug-01,12:10:00 PM,372492,70095.7
49,6-Jul-01,4:30:00 PM,372338,70237.14167
49,6-Jul-01,5:00:00 PM,372586,70399.92512
49,10-Jul-01,7:40:00 AM,372837,69513.34729
49,10-Jul-01,8:00:00 AM,372833,69327.99219
49,10-Jul-01,8:30:00 AM,372905,69588.47226
49,10-Jul-01,9:00:00 AM,372084,69808.99057
49,10-Jul-01,11:00:00 AM,374599,69577.5489
49,12-Jul-01,8:00:00 AM,373363,69316.48301
49,12-Jul-01,8:30:00 AM,372899,68601.20701
49,12-Jul-01,9:00:00 AM,372757,68631.97777
49,12-Jul-01,9:30:00 AM,372592,69095.3391
49,12-Jul-01,10:00:00 AM,373814,68029.4473
49,12-Jul-01,10:30:00 AM,373448,69292.2249
49,12-Jul-01,12:00:00 PM,372283,69326.48884
49,14-Jul-01,7:30:00 AM,371774,69772.17669
49,14-Jul-01,8:00:00 AM,372295,69586.75807
49,14-Jul-01,8:30:00 AM,374128,68264.67659
49,14-Jul-01,9:00:00 AM,372492,69233.13354
49,14-Jul-01,9:30:00 AM,372238,69496.44941
49,14-Jul-01,10:30:00 AM,371347,69743.08236
49,14-Jul-01,11:00:00 AM,372427,69584.96773
49,21-Jul-01,2:00:00 PM,372492,69644.96771
49,21-Jul-01,3:30:00 PM,372360,69892.28794
49,21-Jul-01,4:00:00 PM,372415,70027.52173
49,21-Jul-01,4:30:00 PM,372360,69892.28794
49,23-Jul-01,3:05:00 PM,372520,69716.33791
49,23-Jul-01,3:35:00 PM,373445,70009.00932
49,23-Jul-01,4:05:00 PM,373373,69749.86013
49,25-Jul-01,2:40:00 PM,372197,69785.01571
49,25-Jul-01,3:05:00 PM,371900,69902.78922
49,25-Jul-01,3:35:00 PM,372633,69853.8985
49,25-Jul-01,4:05:00 PM,372516,69832.37566
49,25-Jul-01,5:05:00 PM,372418,69811.48475
49,25-Jul-01,5:35:00 PM,371864,69909.17116
49,25-Jul-01,5:55:00 PM,371860,69883.38079
49,30-Jul-01,7:05:00 AM,372321,69828.6377
49,30-Jul-01,7:35:00 AM,372318,69863.81741
49,30-Jul-01,8:05:00 AM,372511,69983.57052
49,30-Jul-01,8:35:00 AM,372382,69994.88028
49,30-Jul-01,9:05:00 AM,372932,69811.86099
49,30-Jul-01,9:35:00 AM,372887,69773.6701
49,30-Jul-01,10:35:00 AM,371946,69950.38262
49,30-Jul-01,11:05:00 AM,371864,69988.1779
49,30-Jul-01,2:35:00 PM,371729,69980.97991
49,1-Aug-01,2:05:00 PM,372769,69663.41278
49,1-Aug-01,2:35:00 PM,372866,69364.52821
49,1-Aug-01,3:05:00 PM,372884,69310.41464
49,1-Aug-01,4:05:00 PM,372971,69330.46983
49,1-Aug-01,4:35:00 PM,372917,69347.96363
49,1-Aug-01,5:05:00 PM,372920,69197.7662
49,2-Aug-01,8:35:00 AM,372492,69760.48205
49,2-Aug-01,9:05:00 AM,373188,69259.88549
49,2-Aug-01,9:35:00 AM,372288,69552.56776
49,2-Aug-01,10:05:00 AM,372040,69818.50101
49,2-Aug-01,11:05:00 AM,372821,69740.41183
49,5-Aug-01,10:05:00 AM,372560,69546.88189
49,5-Aug-01,10:35:00 AM,372162,69920.06383
49,5-Aug-01,11:05:00 AM,371543,69945.0649
49,5-Aug-01,11:35:00 AM,372156,69793.81572
49,5-Aug-01,12:05:00 PM,372633,69853.8985
49,5-Aug-01,12:35:00 PM,373090,69693.05415
49,5-Aug-01,1:05:00 PM,373065,69697.41192
49,5-Aug-01,1:35:00 PM,374039,69122.70994
49,5-Aug-01,2:05:00 PM,373031,69411.95
49,5-Aug-01,2:35:00 PM,372678,69640.8467
49,5-Aug-01,3:05:00 PM,372211,69782.12075
49,7-Aug-01,4:35:00 PM,373314,68480.70007
49,7-Aug-01,5:05:00 PM,372839,69737.33322
49,7-Aug-01,5:35:00 PM,373204,68916.04886
49,9-Aug-01,10:35:00 AM,373227,68785.61105
49,9-Aug-01,12:05:00 PM,371743,69930.49515
49,9-Aug-01,12:35:00 PM,372197,69785.01571
49,9-Aug-01,1:05:00 PM,372255,69738.61983
49,9-Aug-01,1:35:00 PM,372530,69791.7454
49,9-Aug-01,2:05:00 PM,372547,69468.21849
49,9-Aug-01,2:35:00 PM,372357,69822.20207
49,9-Aug-01,3:05:00 PM,372823,69696.12137
49,9-Aug-01,3:35:00 PM,373137,69484.2853
49,9-Aug-01,4:35:00 PM,373026,69511.90213
49,9-Aug-01,5:05:00 PM,372928,69489.06034
49,10-Aug-01,2:50:00 PM,370390,67151.32073
49,10-Aug-01,3:05:00 PM,371180,68952.13216
49,10-Aug-01,4:05:00 PM,373483,69623.7813
49,11-Aug-01,9:05:00 AM,370942,70041.67955
49,11-Aug-01,9:35:00 AM,373285,69500.70762
49,14-Aug-01,7:45:00 AM,372592,69701.01009
49,14-Aug-01,8:05:00 AM,372894,69727.63834
49,14-Aug-01,8:35:00 AM,372439,69503.29289
49,14-Aug-01,10:35:00 AM,372418,69811.48475
49,14-Aug-01,11:05:00 AM,372492,69722.27084
49,18-Aug-01,2:05:00 PM,371908,69818.77308
49,18-Aug-01,2:35:00 PM,371896,69560.81132
49,18-Aug-01,3:05:00 PM,372030,69879.88129
49,18-Aug-01,5:05:00 PM,372878,69455.68226
49,18-Aug-01,5:25:00 PM,372661,69560.70356
49,19-Aug-01,8:35:00 AM,372662,70382.92112
49,19-Aug-01,9:05:00 AM,372529,70499.17357
49,19-Aug-01,9:35:00 AM,372533,70558.34476
49,21-Aug-01,6:15:00 AM,372321,69828.6377
49,21-Aug-01,7:35:00 AM,370724,70139.86553
49,21-Aug-01,8:05:00 AM,372298,70035.67574
49,21-Aug-01,8:35:00 AM,372913,69724.23708
49,21-Aug-01,9:05:00 AM,372888,69906.59275
49,21-Aug-01,9:35:00 AM,372829,69955.76426
49,21-Aug-01,10:05:00 AM,374056,69719.02899
49,21-Aug-01,11:05:00 AM,371607,70084.00036
49,21-Aug-01,11:35:00 AM,372110,69927.3581
49,21-Aug-01,12:05:00 PM,372377,69925.08954
28,23-Jul-01,3:30:00 PM,371613,69723.97471
28,23-Jul-01,4:00:00 PM,371896,69560.81132
28,23-Jul-01,5:00:00 PM,371186,70014.33293
28,25-Jul-01,2:05:00 PM,371649,69947.0683
28,25-Jul-01,3:00:00 PM,370561,70175.08767
28,25-Jul-01,4:00:00 PM,370637,70121.19607
28,25-Jul-01,4:30:00 PM,371162,70005.01732
28,25-Jul-01,5:30:00 PM,371647,69855.6024
28,25-Jul-01,5:50:00 PM,371016,70036.02576
28,30-Jul-01,7:30:00 AM,370648,70123.62891
28,30-Jul-01,11:00:00 AM,370781,70057.05772
28,30-Jul-01,11:30:00 AM,370998,69971.66552
28,30-Jul-01,12:00:00 PM,370868,70049.91783
28,30-Jul-01,2:30:00 PM,370466,70158.40199
28,1-Aug-01,2:30:00 PM,370543,70101.21118
28,1-Aug-01,4:00:00 PM,370462,70157.68512
28,2-Aug-01,9:30:00 AM,371960,69470.27922
28,2-Aug-01,10:00:00 AM,370694,70033.78746
28,2-Aug-01,11:00:00 AM,370731,70109.00488
28,4-Aug-01,3:00:00 PM,370538,70100.20452
28,4-Aug-01,3:30:00 PM,370631,70051.57599
28,4-Aug-01,4:00:00 PM,370699,70068.61245
28,4-Aug-01,4:25:00 PM,371214,69836.10512
28,5-Aug-01,10:00:00 AM,371961,69835.2598
28,5-Aug-01,10:30:00 AM,371743,69930.49515
28,5-Aug-01,11:00:00 AM,371488,69935.75908
28,5-Aug-01,11:30:00 AM,371530,69842.12219
28,5-Aug-01,12:00:00 PM,371256,70016.34114
28,5-Aug-01,2:30:00 PM,370841,70073.22568
28,5-Aug-01,4:00:00 PM,370807,70095.53607
28,7-Aug-01,3:30:00 PM,370435,70152.84119
28,7-Aug-01,5:00:00 PM,370440,70153.79397
28,7-Aug-01,5:30:00 PM,370429,70151.81017
28,9-Aug-01,11:00:00 AM,371225,69897.70968
28,9-Aug-01,1:30:00 PM,371513,69804.21379
28,9-Aug-01,2:00:00 PM,371118,69932.45826
28,9-Aug-01,4:00:00 PM,371530,69708.42541
28,9-Aug-01,4:30:00 PM,371562,69788.46894
28,9-Aug-01,5:00:00 PM,371654,69991.5426
28,10-Aug-01,2:45:00 PM,370221,70356.81776
28,10-Aug-01,3:30:00 PM,370353,70176.88713
28,10-Aug-01,4:00:00 PM,369908,70334.9571
28,10-Aug-01,4:30:00 PM,370312,70131.27182
28,11-Aug-01,10:00:00 AM,371054,70075.83833
28,11-Aug-01,11:00:00 AM,370466,70158.40199
28,14-Aug-01,7:40:00 AM,370917,70122.97973
28,14-Aug-01,8:00:00 AM,371073,69998.92761
28,16-Aug-01,8:30:00 AM,370459,70157.03742
28,16-Aug-01,10:00:00 AM,370444,70154.54565
28,18-Aug-01,2:30:00 PM,374317,69190.0717
28,18-Aug-01,3:00:00 PM,370449,70155.41904
28,18-Aug-01,4:00:00 PM,370996,70029.32262
28,18-Aug-01,5:20:00 PM,371911,69585.29506
28,19-Aug-01,10:30:00 AM,372130,70515.64
28,19-Aug-01,11:00:00 AM,372746,70472.59
